filename,model_type,correct
000000180594.png,CNN,1
000000278120.png,CNN,1
000000370845.png,CNN,1
000000052697.png,CNN,1
000000532191.png,CNN,0
000000048574.png,CNN,1
000000091308.png,CNN,1
000000229793.png,CNN,1
000000153209.png,CNN,1
000000497210.png,CNN,1
000000210575.png,CNN,0
000000328560.png,CNN,0
000000283165.png,CNN,0
000000579058.png,CNN,1
000000524615.png,CNN,0
000000015118.png,CNN,0
000000328767.png,CNN,0
000000557696.png,CNN,1
000000342033.png,CNN,0
000000303634.png,CNN,0
000000066724.png,CNN,1
000000217412.png,CNN,1
000000150561.png,CNN,0
000000371762.png,CNN,1
000000005138.png,CNN,1
000000443080.png,CNN,1
000000390786.png,CNN,0
000000084743.png,CNN,1
000000430443.png,CNN,1
000000161593.png,CNN,1
000000424027.png,CNN,0
000000216902.png,CNN,1
000000219630.png,CNN,1
000000232356.png,CNN,0
000000161184.png,CNN,1
000000391118.png,CNN,0
000000171132.png,CNN,0
000000396586.png,CNN,1
000000254442.png,CNN,0
000000449366.png,CNN,1
000000481544.png,CNN,0
000000334619.png,CNN,0
000000189687.png,CNN,0
000000104834.png,CNN,1
000000434649.png,CNN,0
000000071909.png,CNN,1
000000412808.png,CNN,0
000000424942.png,CNN,0
000000356772.png,CNN,0
000000548581.png,CNN,0
000000340414.png,CNN,1
000000236598.png,CNN,0
000000573244.png,CNN,0
000000335798.png,CNN,0
000000120760.png,CNN,0
000000192377.png,CNN,0
000000084510.png,CNN,1
000000133427.png,CNN,1
000000051664.png,CNN,0
000000465311.png,CNN,0
000000326579.png,CNN,0
000000358575.png,CNN,0
000000300862.png,CNN,0
000000140319.png,CNN,0
000000000155.png,CNN,1
000000061807.png,CNN,0
000000371020.png,CNN,1
000000142986.png,CNN,0
000000548782.png,CNN,0
000000417255.png,CNN,0
000000192598.png,CNN,0
000000255025.png,CNN,0
000000135780.png,CNN,1
000000187867.png,CNN,0
000000271261.png,CNN,0
000000182520.png,CNN,0
000000295063.png,CNN,1
000000036799.png,CNN,0
000000318230.png,CNN,0
000000274512.png,CNN,0
000000180058.png,CNN,1
000000254530.png,CNN,1
000000372818.png,CNN,0
000000385073.png,CNN,0
000000507291.png,CNN,1
000000176156.png,CNN,0
000000373915.png,CNN,0
000000039533.png,CNN,1
000000386027.png,CNN,0
000000561632.png,CNN,0
000000073809.png,CNN,0
000000234482.png,CNN,0
000000314096.png,CNN,0
000000399566.png,CNN,0
000000390273.png,CNN,0
000000435860.png,CNN,1
000000179789.png,CNN,1
000000409205.png,CNN,0
000000453474.png,CNN,0
000000124649.png,CNN,1
000000179679.png,CNN,0
000000402180.png,CNN,1
000000123440.png,CNN,0
000000520160.png,CNN,0
000000050320.png,CNN,0
000000356883.png,CNN,1
000000191046.png,CNN,0
000000540701.png,CNN,0
000000531294.png,CNN,1
000000003406.png,CNN,0
000000504897.png,CNN,0
000000051239.png,CNN,1
000000493861.png,CNN,0
000000570652.png,CNN,0
000000247924.png,CNN,0
000000198194.png,CNN,0
000000465496.png,CNN,0
000000296674.png,CNN,0
000000435409.png,CNN,0
000000140086.png,CNN,1
000000526830.png,CNN,0
000000294357.png,CNN,0
000000276293.png,CNN,0
000000311345.png,CNN,1
000000532436.png,CNN,0
000000224209.png,CNN,1
000000270187.png,CNN,0
000000090242.png,CNN,0
000000213450.png,CNN,0
000000180719.png,CNN,0
000000072677.png,CNN,0
000000217662.png,CNN,0
000000510867.png,CNN,1
000000536650.png,CNN,0
000000080383.png,CNN,0
000000292280.png,CNN,0
000000538767.png,CNN,1
000000163899.png,CNN,0
000000157499.png,CNN,0
000000374618.png,CNN,0
000000521507.png,CNN,1
000000533461.png,CNN,1
000000091485.png,CNN,0
000000176903.png,CNN,0
000000026666.png,CNN,0
000000482217.png,CNN,0
000000368967.png,CNN,1
000000039341.png,CNN,0
000000288572.png,CNN,0
000000383514.png,CNN,0
000000166059.png,CNN,0
000000565620.png,CNN,0
000000464760.png,CNN,1
000000153540.png,CNN,0
000000558341.png,CNN,0
000000364751.png,CNN,0
000000546733.png,CNN,0
000000349752.png,CNN,0
000000084907.png,CNN,0
000000539587.png,CNN,1
000000030834.png,CNN,0
000000179936.png,CNN,0
000000231316.png,CNN,0
000000528652.png,CNN,1
000000559431.png,CNN,0
000000402643.png,CNN,1
000000052483.png,CNN,0
000000372274.png,CNN,1
000000243803.png,CNN,1
000000168391.png,CNN,1
000000152487.png,CNN,0
000000091786.png,CNN,1
000000068930.png,CNN,1
000000114050.png,CNN,0
000000349845.png,CNN,0
000000182836.png,CNN,0
000000574433.png,CNN,0
000000561017.png,CNN,0
000000000016.png,CNN,0
000000252767.png,CNN,0
000000366317.png,CNN,1
000000407560.png,CNN,0
000000178889.png,CNN,0
000000180226.png,CNN,0
000000460614.png,CNN,0
000000473734.png,CNN,0
000000272570.png,CNN,1
000000164399.png,CNN,0
000000311963.png,CNN,1
000000033453.png,CNN,1
000000100782.png,CNN,1
000000442101.png,CNN,0
000000092908.png,CNN,0
000000430179.png,CNN,0
000000454091.png,CNN,1
000000534951.png,CNN,1
000000025420.png,CNN,1
000000488525.png,CNN,0
000000116458.png,CNN,0
000000524141.png,CNN,1
000000150285.png,CNN,0
000000037218.png,CNN,1
000000173583.png,CNN,0
000000573673.png,CNN,0
000000337685.png,CNN,1
000000250203.png,CNN,0
000000253720.png,CNN,0
000000549533.png,CNN,0
000000142788.png,CNN,0
000000027757.png,CNN,0
000000088939.png,CNN,0
000000194181.png,CNN,0
000000356041.png,CNN,1
000000207864.png,CNN,0
000000131640.png,CNN,1
000000169338.png,CNN,0
000000203880.png,CNN,0
000000446594.png,CNN,0
000000264522.png,CNN,0
000000379621.png,CNN,0
000000049310.png,CNN,1
000000173804.png,CNN,1
000000054170.png,CNN,0
000000460508.png,CNN,0
000000258229.png,CNN,0
000000378964.png,CNN,1
000000045077.png,CNN,1
000000292147.png,CNN,1
000000217873.png,CNN,0
000000331501.png,CNN,0
000000035386.png,CNN,0
000000301820.png,CNN,0
000000451220.png,CNN,1
000000439671.png,CNN,0
000000215294.png,CNN,0
000000407415.png,CNN,1
000000407733.png,CNN,0
000000405154.png,CNN,1
000000263976.png,CNN,0
000000441342.png,CNN,0
000000482033.png,CNN,1
000000500726.png,CNN,0
000000351535.png,CNN,0
000000197532.png,CNN,0
000000037876.png,CNN,0
000000491328.png,CNN,0
000000516095.png,CNN,0
000000181951.png,CNN,0
000000468427.png,CNN,0
000000031336.png,CNN,1
000000052567.png,CNN,0
000000452197.png,CNN,0
000000504975.png,CNN,0
000000165676.png,CNN,0
000000169141.png,CNN,0
000000362609.png,CNN,1
000000134616.png,CNN,0
000000390648.png,CNN,0
000000145011.png,CNN,0
000000275632.png,CNN,0
000000145954.png,CNN,1
000000486017.png,CNN,0
000000278292.png,CNN,1
000000355754.png,CNN,0
000000021519.png,CNN,0
000000557531.png,CNN,0
000000286330.png,CNN,0
000000158649.png,CNN,0
000000490566.png,CNN,0
000000410733.png,CNN,0
000000001653.png,CNN,0
000000218157.png,CNN,1
000000184986.png,CNN,0
000000381917.png,CNN,0
000000408726.png,CNN,1
000000265634.png,CNN,0
000000209618.png,CNN,0
000000407215.png,CNN,1
000000034676.png,CNN,0
000000222832.png,CNN,1
000000098861.png,CNN,0
000000480191.png,CNN,1
000000548940.png,CNN,1
000000420331.png,CNN,1
000000198613.png,CNN,0
000000251020.png,CNN,0
000000563225.png,CNN,0
000000469395.png,CNN,1
000000418795.png,CNN,0
000000368814.png,CNN,0
000000031183.png,CNN,1
000000095468.png,CNN,0
000000511864.png,CNN,0
000000156627.png,CNN,0
000000004610.png,CNN,0
000000415893.png,CNN,0
000000165371.png,CNN,0
000000056723.png,CNN,1
000000052095.png,CNN,0
000000547931.png,CNN,0
000000155354.png,CNN,0
000000065022.png,CNN,0
000000450550.png,CNN,1
000000327015.png,CNN,0
000000211759.png,CNN,0
000000361961.png,CNN,0
000000092073.png,CNN,0
000000575819.png,CNN,0
000000117294.png,CNN,1
000000273419.png,CNN,0
000000378406.png,CNN,1
000000158178.png,CNN,1
000000348448.png,CNN,0
000000474262.png,CNN,0
000000189570.png,CNN,0
000000035584.png,CNN,1
000000186958.png,CNN,0
000000041367.png,CNN,0
000000109757.png,CNN,0
000000474029.png,CNN,0
000000545631.png,CNN,0
000000244152.png,CNN,0
000000056552.png,CNN,0
000000301920.png,CNN,0
000000508137.png,CNN,1
000000250482.png,CNN,1
000000506494.png,CNN,1
000000469162.png,CNN,0
000000516311.png,CNN,0
000000454463.png,CNN,0
000000069630.png,CNN,0
000000250340.png,CNN,0
000000021016.png,CNN,0
000000502350.png,CNN,1
000000387637.png,CNN,0
000000478777.png,CNN,0
000000091099.png,CNN,0
000000498952.png,CNN,0
000000238425.png,CNN,0
000000409526.png,CNN,1
000000084177.png,CNN,0
000000044967.png,CNN,0
000000141909.png,CNN,1
000000415744.png,CNN,0
000000047874.png,CNN,0
000000187618.png,CNN,0
000000326907.png,CNN,0
000000480592.png,CNN,0
000000544758.png,CNN,0
000000533708.png,CNN,0
000000161068.png,CNN,0
000000566572.png,CNN,0
000000471729.png,CNN,0
000000486708.png,CNN,0
000000182183.png,CNN,0
000000566818.png,CNN,0
000000158363.png,CNN,1
000000280796.png,CNN,0
000000443622.png,CNN,0
000000125194.png,CNN,1
000000155738.png,CNN,0
000000191883.png,CNN,0
000000333932.png,CNN,0
000000256129.png,CNN,1
000000161424.png,CNN,0
000000096424.png,CNN,0
000000392496.png,CNN,0
000000392361.png,CNN,0
000000291823.png,CNN,0
000000070086.png,CNN,0
000000146549.png,CNN,0
000000116249.png,CNN,1
000000231709.png,CNN,0
000000564474.png,CNN,1
000000232820.png,CNN,0
000000535213.png,CNN,0
000000074654.png,CNN,1
000000268308.png,CNN,0
000000250822.png,CNN,0
000000356265.png,CNN,0
000000380324.png,CNN,1
000000091626.png,CNN,0
000000190651.png,CNN,0
000000202113.png,CNN,1
000000111978.png,CNN,1
000000199682.png,CNN,0
000000160263.png,CNN,1
000000495494.png,CNN,0
000000301472.png,CNN,0
000000349996.png,CNN,0
000000047321.png,CNN,1
000000063925.png,CNN,0
000000443211.png,CNN,1
000000517759.png,CNN,0
000000477753.png,CNN,0
000000326715.png,CNN,0
000000325565.png,CNN,0
000000417405.png,CNN,0
000000256300.png,CNN,0
000000093036.png,CNN,0
000000274187.png,CNN,1
000000430594.png,CNN,1
000000362058.png,CNN,0
000000035800.png,CNN,0
000000053399.png,CNN,1
000000170189.png,CNN,0
000000061962.png,CNN,1
000000229292.png,CNN,0
000000537997.png,CNN,0
000000041495.png,CNN,0
000000096013.png,CNN,0
000000036479.png,CNN,0
000000347026.png,CNN,0
000000203983.png,CNN,0
000000143347.png,CNN,0
000000468983.png,CNN,1
000000130136.png,CNN,0
000000173683.png,CNN,0
000000093987.png,CNN,1
000000202939.png,CNN,1
000000078366.png,CNN,0
000000480398.png,CNN,1
000000214465.png,CNN,1
000000138777.png,CNN,1
000000056343.png,CNN,0
000000283742.png,CNN,0
000000536225.png,CNN,0
000000088030.png,CNN,0
000000416396.png,CNN,1
000000416587.png,CNN,0
000000345703.png,CNN,1
000000563956.png,CNN,0
000000306206.png,CNN,1
000000577445.png,CNN,0
000000570541.png,CNN,1
000000503613.png,CNN,0
000000239572.png,CNN,1
000000322701.png,CNN,0
000000484106.png,CNN,0
000000519761.png,CNN,0
000000527986.png,CNN,1
000000090034.png,CNN,1
000000312426.png,CNN,0
000000206230.png,CNN,0
000000300779.png,CNN,0
000000092208.png,CNN,0
000000451939.png,CNN,0
000000502051.png,CNN,1
000000478607.png,CNN,0
000000454600.png,CNN,1
000000019248.png,CNN,0
000000211832.png,CNN,0
000000292563.png,CNN,0
000000530446.png,CNN,0
000000361631.png,CNN,0
000000281560.png,CNN,1
000000022603.png,CNN,1
000000398291.png,CNN,0
000000110104.png,CNN,0
000000482379.png,CNN,0
000000156918.png,CNN,0
000000016658.png,CNN,0
000000071327.png,CNN,1
000000472584.png,CNN,1
000000579677.png,CNN,0
000000105541.png,CNN,0
000000517122.png,CNN,0
000000351270.png,CNN,1
000000274284.png,CNN,0
000000369417.png,CNN,1
000000487232.png,CNN,0
000000554907.png,CNN,0
000000395931.png,CNN,1
000000098365.png,CNN,0
000000358159.png,CNN,0
000000046485.png,CNN,0
000000159368.png,CNN,0
000000395620.png,CNN,1
000000238852.png,CNN,0
000000350529.png,CNN,0
000000339091.png,CNN,0
000000278935.png,CNN,0
000000226110.png,CNN,0
000000020190.png,CNN,0
000000293770.png,CNN,0
000000123356.png,CNN,1
000000137663.png,CNN,0
000000433485.png,CNN,0
000000239301.png,CNN,0
000000136877.png,CNN,0
000000007346.png,CNN,0
000000078722.png,CNN,1
000000232029.png,CNN,0
000000274660.png,CNN,0
000000552248.png,CNN,1
000000432455.png,CNN,0
000000406079.png,CNN,0
000000431065.png,CNN,1
000000058274.png,CNN,0
000000002224.png,CNN,0
000000016159.png,CNN,0
000000231579.png,CNN,0
000000481074.png,CNN,0
000000437946.png,CNN,0
000000112294.png,CNN,1
000000221511.png,CNN,0
000000025927.png,CNN,1
000000265732.png,CNN,0
000000446692.png,CNN,0
000000207456.png,CNN,0
000000546181.png,CNN,0
000000031701.png,CNN,0
000000147964.png,CNN,0
000000317346.png,CNN,0
000000358670.png,CNN,0
000000237488.png,CNN,0
000000108172.png,CNN,1
000000114394.png,CNN,0
000000238146.png,CNN,0
000000038311.png,CNN,1
000000144524.png,CNN,0
000000546866.png,CNN,1
000000546947.png,CNN,0
000000049822.png,CNN,0
000000491057.png,CNN,1
000000006069.png,CNN,0
000000495011.png,CNN,0
000000430045.png,CNN,0
000000536115.png,CNN,1
000000454815.png,CNN,1
000000186835.png,CNN,0
000000173863.png,CNN,0
000000418320.png,CNN,1
000000379200.png,CNN,0
000000042569.png,CNN,1
000000436093.png,CNN,1
000000414215.png,CNN,1
000000485151.png,CNN,1
000000479549.png,CNN,1
000000076158.png,CNN,0
000000314839.png,CNN,1
000000032576.png,CNN,1
000000038131.png,CNN,1
000000293381.png,CNN,0
000000147191.png,CNN,0
000000538365.png,CNN,0
000000237270.png,CNN,1
000000478366.png,CNN,0
000000247420.png,CNN,0
000000447805.png,CNN,0
000000270725.png,CNN,0
000000579864.png,CNN,0
000000103454.png,CNN,1
000000082314.png,CNN,1
000000408823.png,CNN,0
000000384824.png,CNN,1
000000017048.png,CNN,1
000000286885.png,CNN,0
000000312244.png,CNN,0
000000522684.png,CNN,0
000000475681.png,CNN,0
000000183920.png,CNN,0
000000385321.png,CNN,1
000000251463.png,CNN,0
000000330070.png,CNN,0
000000431534.png,CNN,0
000000067820.png,CNN,1
000000156220.png,CNN,0
000000366550.png,CNN,0
000000207962.png,CNN,1
000000351816.png,CNN,0
000000313056.png,CNN,0
000000235384.png,CNN,0
000000425401.png,CNN,0
000000087759.png,CNN,0
000000268160.png,CNN,0
000000246693.png,CNN,0
000000204229.png,CNN,0
000000432973.png,CNN,1
000000173310.png,CNN,0
000000045698.png,CNN,0
000000230858.png,CNN,0
000000440841.png,CNN,0
000000374503.png,CNN,0
000000327291.png,CNN,1
000000514148.png,CNN,0
000000045895.png,CNN,0
000000074350.png,CNN,0
000000099565.png,CNN,0
000000136290.png,CNN,0
000000030688.png,CNN,0
000000208488.png,CNN,1
000000054835.png,CNN,1
000000485585.png,CNN,0
000000287055.png,CNN,0
000000544054.png,CNN,0
000000386656.png,CNN,0
000000535444.png,CNN,0
000000345817.png,CNN,1
000000542080.png,CNN,0
000000073485.png,CNN,0
000000065992.png,CNN,1
000000327736.png,CNN,0
000000265369.png,CNN,0
000000233100.png,CNN,1
000000354208.png,CNN,0
000000020353.png,CNN,1
000000043975.png,CNN,0
000000175265.png,CNN,1
000000177097.png,CNN,0
000000394711.png,CNN,1
000000327408.png,CNN,1
000000096944.png,CNN,0
000000549228.png,CNN,0
000000088295.png,CNN,1
000000132479.png,CNN,1
000000472786.png,CNN,1
000000241139.png,CNN,0
000000040295.png,CNN,0
000000006222.png,CNN,1
000000384214.png,CNN,1
000000287665.png,CNN,0
000000325841.png,CNN,1
000000439437.png,CNN,0
000000567619.png,CNN,1
000000352332.png,CNN,1
000000574730.png,CNN,0
000000489800.png,CNN,0
000000228051.png,CNN,1
000000216306.png,CNN,0
000000581691.png,CNN,0
000000365296.png,CNN,0
000000502834.png,CNN,1
000000020763.png,CNN,0
000000541795.png,CNN,0
000000572557.png,CNN,1
000000286156.png,CNN,1
000000421686.png,CNN,1
000000212886.png,CNN,0
000000524322.png,CNN,1
000000132643.png,CNN,0
000000210410.png,CNN,0
000000484808.png,CNN,0
000000240987.png,CNN,1
000000078155.png,CNN,0
000000406554.png,CNN,0
000000557034.png,CNN,0
000000400827.png,CNN,1
000000150980.png,CNN,1
000000128200.png,CNN,0
000000384068.png,CNN,1
000000421151.png,CNN,1
000000039114.png,CNN,1
000000123735.png,CNN,0
000000074111.png,CNN,1
000000026418.png,CNN,0
000000170705.png,CNN,0
000000273137.png,CNN,1
000000066102.png,CNN,0
000000267994.png,CNN,0
000000169812.png,CNN,0
000000390396.png,CNN,1
000000493289.png,CNN,1
000000464912.png,CNN,1
000000068768.png,CNN,0
000000377663.png,CNN,1
000000037951.png,CNN,0
000000316235.png,CNN,0
000000315029.png,CNN,1
000000552923.png,CNN,0
000000321721.png,CNN,0
000000366806.png,CNN,0
000000405479.png,CNN,1
000000304656.png,CNN,0
000000010062.png,CNN,1
000000050604.png,CNN,0
000000123057.png,CNN,1
000000019527.png,CNN,1
000000018985.png,CNN,0
000000460203.png,CNN,0
000000270551.png,CNN,0
000000549659.png,CNN,1
000000523071.png,CNN,1
000000472428.png,CNN,0
000000064238.png,CNN,0
000000203407.png,CNN,0
000000009909.png,CNN,1
000000148869.png,CNN,1
000000187766.png,CNN,0
000000039230.png,CNN,1
000000459163.png,CNN,1
000000494871.png,CNN,0
000000033973.png,CNN,1
000000521820.png,CNN,0
000000452290.png,CNN,0
000000349519.png,CNN,0
000000265921.png,CNN,1
000000281724.png,CNN,1
000000055345.png,CNN,1
000000109887.png,CNN,1
000000127114.png,CNN,1
000000519267.png,CNN,0
000000011254.png,CNN,0
000000234030.png,CNN,0
000000329253.png,CNN,0
000000079789.png,CNN,1
000000195622.png,CNN,0
000000438565.png,CNN,1
000000303278.png,CNN,0
000000242456.png,CNN,0
000000516509.png,CNN,0
000000537435.png,CNN,0
000000026092.png,CNN,1
000000093646.png,CNN,0
000000351674.png,CNN,0
000000459316.png,CNN,1
000000373672.png,CNN,0
000000524827.png,CNN,0
000000457210.png,CNN,1
000000300199.png,CNN,1
000000465727.png,CNN,1
000000207079.png,CNN,0
000000560521.png,CNN,1
000000009021.png,CNN,0
000000520626.png,CNN,1
000000005634.png,CNN,1
000000151122.png,CNN,1
000000011797.png,CNN,0
000000483540.png,CNN,0
000000133600.png,CNN,0
000000205179.png,CNN,0
000000198063.png,CNN,0
000000186221.png,CNN,0
000000507592.png,CNN,1
000000463634.png,CNN,0
000000214558.png,CNN,0
000000201667.png,CNN,0
000000364004.png,CNN,0
000000372626.png,CNN,1
000000326375.png,CNN,1
000000452423.png,CNN,1
000000350983.png,CNN,0
000000456209.png,CNN,1
000000506827.png,CNN,1
000000071765.png,CNN,1
000000473432.png,CNN,0
000000213027.png,CNN,0
000000397869.png,CNN,1
000000122071.png,CNN,0
000000576103.png,CNN,0
000000433731.png,CNN,0
000000054914.png,CNN,0
000000010426.png,CNN,0
000000216737.png,CNN,0
000000139395.png,CNN,1
000000382647.png,CNN,0
000000340774.png,CNN,1
000000434906.png,CNN,1
000000420415.png,CNN,1
000000523331.png,CNN,0
000000333273.png,CNN,0
000000230620.png,CNN,0
000000501141.png,CNN,0
000000296934.png,CNN,1
000000188493.png,CNN,0
000000552386.png,CNN,0
000000382225.png,CNN,1
000000200697.png,CNN,0
000000212485.png,CNN,1
000000532098.png,CNN,1
000000302358.png,CNN,0
000000132190.png,CNN,0
000000207329.png,CNN,0
000000531671.png,CNN,1
000000573459.png,CNN,0
000000361311.png,CNN,1
000000111857.png,CNN,0
000000423905.png,CNN,0
000000543029.png,CNN,0
000000136112.png,CNN,0
000000375829.png,CNN,1
000000418621.png,CNN,0
000000338467.png,CNN,1
000000262829.png,CNN,1
000000079894.png,CNN,1
000000400566.png,CNN,1
000000110711.png,CNN,1
000000181372.png,CNN,1
000000057110.png,CNN,1
000000037034.png,CNN,0
000000476817.png,CNN,0
000000427460.png,CNN,0
000000393032.png,CNN,0
000000387197.png,CNN,1
000000281372.png,CNN,0
000000030225.png,CNN,1
000000513883.png,CNN,1
000000223169.png,CNN,0
000000418145.png,CNN,1
000000506340.png,CNN,0
000000074521.png,CNN,1
000000140683.png,CNN,0
000000467839.png,CNN,0
000000221407.png,CNN,1
000000434802.png,CNN,0
000000404410.png,CNN,0
000000428897.png,CNN,0
000000134468.png,CNN,1
000000019792.png,CNN,1
000000553234.png,CNN,0
000000476364.png,CNN,0
000000059849.png,CNN,1
000000007543.png,CNN,0
000000572044.png,CNN,0
000000017784.png,CNN,0
000000141791.png,CNN,0
000000564177.png,CNN,0
000000151682.png,CNN,0
000000224075.png,CNN,0
000000107242.png,CNN,1
000000107568.png,CNN,0
000000148657.png,CNN,0
000000053578.png,CNN,0
000000464246.png,CNN,1
000000465624.png,CNN,1
000000115895.png,CNN,1
000000562395.png,CNN,0
000000047119.png,CNN,0
000000243325.png,CNN,1
000000245783.png,CNN,0
000000204622.png,CNN,0
000000107336.png,CNN,1
000000274838.png,CNN,1
000000501396.png,CNN,0
000000146427.png,CNN,0
000000249559.png,CNN,1
000000163651.png,CNN,0
000000350091.png,CNN,1
000000109233.png,CNN,1
000000000492.png,CNN,0
000000320811.png,CNN,1
000000335686.png,CNN,1
000000556768.png,CNN,0
000000492475.png,CNN,0
000000440719.png,CNN,0
000000399396.png,CNN,1
000000200347.png,CNN,1
000000261140.png,CNN,0
000000258087.png,CNN,1
000000038759.png,CNN,1
000000548046.png,CNN,0
000000087412.png,CNN,1
000000141115.png,CNN,0
000000451558.png,CNN,1
000000088372.png,CNN,1
000000092334.png,CNN,1
000000558838.png,CNN,0
000000508758.png,CNN,0
000000544192.png,CNN,0
000000539203.png,CNN,0
000000131410.png,CNN,1
000000217248.png,CNN,1
000000119795.png,CNN,0
000000546005.png,CNN,0
000000526076.png,CNN,1
000000345942.png,CNN,1
000000309960.png,CNN,0
000000325135.png,CNN,1
000000506244.png,CNN,1
000000110520.png,CNN,0
000000554026.png,CNN,1
000000374353.png,CNN,1
000000105340.png,CNN,1
000000567728.png,CNN,1
000000073301.png,CNN,0
000000000275.png,CNN,0
000000319774.png,CNN,1
000000223301.png,CNN,0
000000321465.png,CNN,0
000000156390.png,CNN,1
000000358275.png,CNN,0
000000528296.png,CNN,0
000000529239.png,CNN,0
000000446830.png,CNN,0
000000554468.png,CNN,0
000000338596.png,CNN,0
000000496650.png,CNN,0
000000297090.png,CNN,1
000000391788.png,CNN,1
000000284869.png,CNN,0
000000053270.png,CNN,1
000000181762.png,CNN,0
000000240204.png,CNN,0
000000106377.png,CNN,0
000000297991.png,CNN,0
000000506912.png,CNN,0
000000011600.png,CNN,1
000000209710.png,CNN,0
000000190777.png,CNN,1
000000497105.png,CNN,1
000000403287.png,CNN,0
000000137825.png,CNN,0
000000107717.png,CNN,0
000000258948.png,CNN,0
000000579441.png,CNN,0
000000009666.png,CNN,0
000000290551.png,CNN,1
000000112433.png,CNN,0
000000207641.png,CNN,1
000000345561.png,CNN,1
000000118948.png,CNN,0
000000033283.png,CNN,0
000000393208.png,CNN,0
000000055590.png,CNN,0
000000246147.png,CNN,0
000000267046.png,CNN,0
000000517573.png,CNN,0
000000361133.png,CNN,0
000000393802.png,CNN,1
000000559915.png,CNN,0
000000334342.png,CNN,0
000000525789.png,CNN,0
000000015945.png,CNN,0
000000405339.png,CNN,1
000000412591.png,CNN,1
000000147570.png,CNN,0
000000434321.png,CNN,0
000000310657.png,CNN,0
000000274073.png,CNN,1
000000373438.png,CNN,0
000000124753.png,CNN,0
000000412265.png,CNN,0
000000234858.png,CNN,0
000000398805.png,CNN,0
000000133201.png,CNN,1
000000427155.png,CNN,0
000000177481.png,CNN,0
000000496997.png,CNN,0
000000391987.png,CNN,0
000000061186.png,CNN,0
000000272098.png,CNN,0
000000386935.png,CNN,0
000000103591.png,CNN,0
000000486549.png,CNN,0
000000429502.png,CNN,1
000000464463.png,CNN,0
000000541569.png,CNN,0
000000581069.png,CNN,1
000000074173.png,CNN,1
000000033796.png,CNN,0
000000215952.png,CNN,0
000000103854.png,CNN,0
000000313433.png,CNN,0
000000213616.png,CNN,0
000000407983.png,CNN,0
000000522578.png,CNN,1
000000009255.png,CNN,0
000000477886.png,CNN,1
000000114882.png,CNN,0
000000204148.png,CNN,0
000000084050.png,CNN,1
000000377499.png,CNN,0
000000015327.png,CNN,0
000000309332.png,CNN,0
000000281240.png,CNN,0
000000416260.png,CNN,0
000000278810.png,CNN,1
000000322393.png,CNN,0
000000208149.png,CNN,0
000000241613.png,CNN,0
000000256724.png,CNN,0
000000558680.png,CNN,0
000000398499.png,CNN,0
000000057572.png,CNN,1
000000549922.png,CNN,1
000000437146.png,CNN,0
000000237709.png,CNN,1
000000450650.png,CNN,0
000000368560.png,CNN,1
000000171226.png,CNN,0
000000005749.png,CNN,1
000000247249.png,CNN,0
000000563043.png,CNN,0
000000554124.png,CNN,1
000000442944.png,CNN,0
000000000662.png,CNN,1
000000390939.png,CNN,0
000000330302.png,CNN,0
000000187124.png,CNN,0
000000008692.png,CNN,1
000000231461.png,CNN,1
000000021295.png,CNN,0
000000488761.png,CNN,1
000000529573.png,CNN,1
000000218402.png,CNN,0
000000570899.png,CNN,0
000000510177.png,CNN,1
000000507020.png,CNN,1
000000529818.png,CNN,1
000000354715.png,CNN,1
000000435067.png,CNN,0
000000512318.png,CNN,0
000000254621.png,CNN,0
000000312595.png,CNN,0
000000406236.png,CNN,0
000000542507.png,CNN,0
000000131823.png,CNN,0
000000580770.png,CNN,0
000000165020.png,CNN,1
000000316070.png,CNN,1
000000581265.png,CNN,0
000000199896.png,CNN,1
000000313919.png,CNN,0
000000024283.png,CNN,0
000000355943.png,CNN,0
000000387894.png,CNN,1
000000252321.png,CNN,0
000000266078.png,CNN,1
000000018286.png,CNN,1
000000224784.png,CNN,1
000000494277.png,CNN,0
000000069387.png,CNN,1
000000003773.png,CNN,0
000000010873.png,CNN,0
000000269966.png,CNN,0
000000223937.png,CNN,1
000000469256.png,CNN,0
000000043295.png,CNN,0
000000426614.png,CNN,0
000000057206.png,CNN,1
000000352232.png,CNN,1
000000154664.png,CNN,0
000000574269.png,CNN,0
000000581358.png,CNN,1
000000366169.png,CNN,1
000000473093.png,CNN,1
000000006571.png,CNN,1
000000503881.png,CNN,1
000000333453.png,CNN,1
000000017339.png,CNN,0
000000164629.png,CNN,0
000000018429.png,CNN,1
000000106861.png,CNN,1
000000354869.png,CNN,0
000000420632.png,CNN,0
000000522050.png,CNN,0
000000057369.png,CNN,1
000000394223.png,CNN,1
000000501537.png,CNN,1
000000241056.png,CNN,1
000000336914.png,CNN,0
000000104604.png,CNN,0
000000201385.png,CNN,0
000000427720.png,CNN,1
000000459469.png,CNN,0
000000062826.png,CNN,0
000000294869.png,CNN,0
000000114232.png,CNN,0
000000276140.png,CNN,0
000000348121.png,CNN,0
000000186505.png,CNN,0
000000053699.png,CNN,0
000000347842.png,CNN,0
000000413632.png,CNN,0
000000346789.png,CNN,0
000000404559.png,CNN,0
000000300367.png,CNN,0
000000467291.png,CNN,0
000000309674.png,CNN,0
000000108351.png,CNN,0
000000145527.png,CNN,0
000000174414.png,CNN,0
000000534660.png,CNN,0
000000094829.png,CNN,0
000000177622.png,CNN,0
000000414579.png,CNN,0
000000454228.png,CNN,0
000000226394.png,CNN,1
000000453315.png,CNN,1
000000194927.png,CNN,0
000000127948.png,CNN,1
000000057712.png,CNN,0
000000384747.png,CNN,0
000000206399.png,CNN,0
000000239088.png,CNN,0
000000096556.png,CNN,0
000000266650.png,CNN,0
000000400995.png,CNN,1
000000559673.png,CNN,0
000000021771.png,CNN,0
000000353910.png,CNN,0
000000435735.png,CNN,1
000000359252.png,CNN,0
000000486909.png,CNN,1
000000226560.png,CNN,0
000000546387.png,CNN,1
000000363918.png,CNN,0
000000291364.png,CNN,0
000000096688.png,CNN,0
000000245044.png,CNN,0
000000196823.png,CNN,1
000000455958.png,CNN,0
000000328090.png,CNN,1
000000410449.png,CNN,1
000000471485.png,CNN,0
000000162137.png,CNN,0
000000527148.png,CNN,0
000000323521.png,CNN,0
000000373510.png,CNN,0
000000331169.png,CNN,0
000000277600.png,CNN,1
000000501878.png,CNN,1
000000428393.png,CNN,1
000000556090.png,CNN,0
000000548155.png,CNN,0
000000344948.png,CNN,0
000000205328.png,CNN,0
000000360311.png,CNN,0
000000386288.png,CNN,0
000000009526.png,CNN,0
000000017631.png,CNN,0
000000343306.png,CNN,0
000000182964.png,CNN,1
000000366625.png,CNN,1
000000365495.png,CNN,0
000000320226.png,CNN,0
000000189456.png,CNN,0
000000167788.png,CNN,0
000000261041.png,CNN,1
000000485728.png,CNN,0
000000299877.png,CNN,0
000000379410.png,CNN,0
000000367895.png,CNN,1
000000090996.png,CNN,1
000000289436.png,CNN,0
000000502524.png,CNN,0
000000103681.png,CNN,0
000000439966.png,CNN,1
000000243941.png,CNN,0
000000038519.png,CNN,0
000000011946.png,CNN,0
000000221283.png,CNN,0
000000166307.png,CNN,0
000000387341.png,CNN,0
000000074753.png,CNN,1
000000338170.png,CNN,0
000000487505.png,CNN,0
000000136450.png,CNN,1
000000386837.png,CNN,1
000000244861.png,CNN,0
000000213912.png,CNN,0
000000368711.png,CNN,0
000000262040.png,CNN,0
000000418463.png,CNN,1
000000502147.png,CNN,0
000000156678.png,CNN,1
000000169021.png,CNN,0
000000482870.png,CNN,1
000000230476.png,CNN,0
000000293902.png,CNN,0
000000444740.png,CNN,0
000000304515.png,CNN,0
000000551539.png,CNN,1
000000552104.png,CNN,0
000000262665.png,CNN,0
000000375217.png,CNN,0
000000073678.png,CNN,0
000000083907.png,CNN,0
000000108992.png,CNN,1
000000559843.png,CNN,0
000000219531.png,CNN,0
000000377943.png,CNN,0
000000537593.png,CNN,0
000000102557.png,CNN,0
000000113341.png,CNN,0
000000033673.png,CNN,0
000000523551.png,CNN,0
000000171507.png,CNN,0
000000421425.png,CNN,0
000000457820.png,CNN,0
000000244686.png,CNN,0
000000470864.png,CNN,1
000000056139.png,CNN,0
000000287915.png,CNN,1
000000052940.png,CNN,0
000000545134.png,CNN,0
000000509068.png,CNN,0
000000143137.png,CNN,1
000000195827.png,CNN,0
000000453892.png,CNN,1
000000048003.png,CNN,0
000000488131.png,CNN,0
000000381515.png,CNN,0
000000065219.png,CNN,0
000000182752.png,CNN,0
000000112660.png,CNN,1
000000478017.png,CNN,0
000000318579.png,CNN,0
000000028419.png,CNN,0
000000448279.png,CNN,1
000000178261.png,CNN,1
000000288342.png,CNN,1
000000409942.png,CNN,0
000000421900.png,CNN,0
000000575234.png,CNN,0
000000471612.png,CNN,0
000000255511.png,CNN,1
000000221653.png,CNN,1
000000432632.png,CNN,0
000000571620.png,CNN,1
000000216145.png,CNN,0
000000545855.png,CNN,1
000000395119.png,CNN,1
000000257271.png,CNN,0
000000342904.png,CNN,0
000000569152.png,CNN,0
000000045346.png,CNN,1
000000121177.png,CNN,1
000000176741.png,CNN,1
000000335164.png,CNN,0
000000117590.png,CNN,0
000000072500.png,CNN,0
000000230743.png,CNN,1
000000451094.png,CNN,1
000000144461.png,CNN,1
000000073410.png,CNN,0
000000267620.png,CNN,1
000000014309.png,CNN,1
000000226891.png,CNN,1
000000276756.png,CNN,0
000000309018.png,CNN,1
000000316981.png,CNN,0
000000144344.png,CNN,1
000000265032.png,CNN,1
000000038683.png,CNN,0
000000118297.png,CNN,0
000000093325.png,CNN,1
000000423329.png,CNN,1
000000224631.png,CNN,0
000000350243.png,CNN,1
000000472121.png,CNN,0
000000440535.png,CNN,1
000000538935.png,CNN,0
000000523874.png,CNN,0
000000448189.png,CNN,1
000000535703.png,CNN,1
000000446242.png,CNN,0
000000495831.png,CNN,1
000000195462.png,CNN,0
000000526938.png,CNN,0
000000494040.png,CNN,0
000000159177.png,CNN,0
000000413064.png,CNN,0
000000007680.png,CNN,0
000000312741.png,CNN,0
000000125068.png,CNN,1
000000236771.png,CNN,1
000000150840.png,CNN,1
000000324793.png,CNN,1
000000094342.png,CNN,0
000000553090.png,CNN,1
000000104096.png,CNN,0
000000012652.png,CNN,0
000000001482.png,CNN,1
000000140509.png,CNN,0
000000142417.png,CNN,0
000000440178.png,CNN,0
000000538520.png,CNN,0
000000012287.png,CNN,0
000000411843.png,CNN,0
000000179243.png,CNN,0
000000317611.png,CNN,0
000000200160.png,CNN,0
000000066501.png,CNN,1
000000525122.png,CNN,0
000000247746.png,CNN,0
000000511740.png,CNN,0
000000251609.png,CNN,0
000000182351.png,CNN,0
000000220762.png,CNN,0
000000164182.png,CNN,0
000000012978.png,CNN,0
000000574582.png,CNN,0
000000192719.png,CNN,1
000000492869.png,CNN,0
000000466074.png,CNN,1
000000398593.png,CNN,1
000000453992.png,CNN,1
000000496024.png,CNN,0
000000116038.png,CNN,1
000000350729.png,CNN,0
000000428270.png,CNN,1
000000449597.png,CNN,1
000000036097.png,CNN,1
000000209464.png,CNN,1
000000032950.png,CNN,1
000000204949.png,CNN,0
000000303118.png,CNN,0
000000240647.png,CNN,1
000000157092.png,CNN,0
000000185333.png,CNN,0
000000400323.png,CNN,0
000000295664.png,CNN,0
000000153943.png,CNN,1
000000048755.png,CNN,0
000000514645.png,CNN,1
000000088535.png,CNN,1
000000016945.png,CNN,0
000000190116.png,CNN,0
000000500889.png,CNN,0
000000294606.png,CNN,0
000000513753.png,CNN,0
000000195171.png,CNN,1
000000549408.png,CNN,0
000000334443.png,CNN,0
000000222606.png,CNN,0
000000567860.png,CNN,0
000000013782.png,CNN,0
000000075316.png,CNN,0
000000215101.png,CNN,0
000000424614.png,CNN,0
000000070439.png,CNN,0
000000271045.png,CNN,1
000000307195.png,CNN,1
000000498005.png,CNN,1
000000381666.png,CNN,1
000000343522.png,CNN,1
000000450387.png,CNN,0
000000095722.png,CNN,0
000000290877.png,CNN,1
000000223767.png,CNN,0
000000519634.png,CNN,0
000000130042.png,CNN,0
000000107984.png,CNN,1
000000442766.png,CNN,0
000000004753.png,CNN,0
000000005401.png,CNN,0
000000191410.png,CNN,1
000000138686.png,CNN,0
000000422908.png,CNN,1
000000340150.png,CNN,0
000000450235.png,CNN,1
000000437805.png,CNN,1
000000079571.png,CNN,0
000000249343.png,CNN,0
000000576217.png,CNN,1
000000243004.png,CNN,0
000000112762.png,CNN,0
000000311778.png,CNN,0
000000210178.png,CNN,0
000000527331.png,CNN,0
000000348778.png,CNN,1
000000289056.png,CNN,1
000000306675.png,CNN,0
000000016413.png,CNN,1
000000501041.png,CNN,0
000000211596.png,CNN,1
000000503048.png,CNN,0
000000315429.png,CNN,1
000000265218.png,CNN,0
000000463463.png,CNN,0
000000526569.png,CNN,0
000000236045.png,CNN,0
000000037664.png,CNN,1
000000083028.png,CNN,1
000000198924.png,CNN,0
000000054317.png,CNN,0
000000483367.png,CNN,1
000000339685.png,CNN,1
000000458306.png,CNN,0
000000571294.png,CNN,0
000000377039.png,CNN,0
000000128065.png,CNN,0
000000405750.png,CNN,0
000000200599.png,CNN,1
000000026870.png,CNN,0
000000488938.png,CNN,0
000000077157.png,CNN,0
000000401377.png,CNN,0
000000139131.png,CNN,1
000000058147.png,CNN,0
000000471267.png,CNN,0
000000439216.png,CNN,1
000000174080.png,CNN,0
000000570431.png,CNN,0
000000132006.png,CNN,1
000000040448.png,CNN,0
000000182655.png,CNN,0
000000122278.png,CNN,1
000000361545.png,CNN,1
000000017211.png,CNN,0
000000219766.png,CNN,0
000000166772.png,CNN,0
000000002884.png,CNN,0
000000255862.png,CNN,0
000000269649.png,CNN,1
000000343663.png,CNN,1
000000453073.png,CNN,0
000000137084.png,CNN,1
000000144155.png,CNN,1
000000012802.png,CNN,0
000000297413.png,CNN,0
000000341381.png,CNN,0
000000531760.png,CNN,0
000000077390.png,CNN,0
000000253880.png,CNN,0
000000302033.png,CNN,1
000000388502.png,CNN,0
000000431966.png,CNN,0
000000241869.png,CNN,0
000000445807.png,CNN,0
000000442257.png,CNN,1
000000333833.png,CNN,0
000000304029.png,CNN,1
000000374024.png,CNN,0
000000279851.png,CNN,0
000000220177.png,CNN,1
000000171693.png,CNN,1
000000155246.png,CNN,1
000000406941.png,CNN,0
000000476409.png,CNN,0
000000448912.png,CNN,0
000000015808.png,CNN,1
000000076667.png,CNN,0
000000394490.png,CNN,0
000000014421.png,CNN,0
000000170049.png,CNN,1
000000577549.png,CNN,0
000000157925.png,CNN,1
000000554776.png,CNN,1
000000383825.png,CNN,0
000000280645.png,CNN,0
000000267869.png,CNN,0
000000548290.png,CNN,1
000000255753.png,CNN,1
000000458053.png,CNN,1
000000318399.png,CNN,0
000000155950.png,CNN,0
000000305513.png,CNN,0
000000147083.png,CNN,0
000000008904.png,CNN,0
000000059628.png,CNN,1
000000294472.png,CNN,0
000000330774.png,CNN,1
000000570747.png,CNN,1
000000457325.png,CNN,0
000000154256.png,CNN,1
000000292721.png,CNN,1
000000025577.png,CNN,1
000000341600.png,CNN,1
000000271854.png,CNN,1
000000057863.png,CNN,0
000000465148.png,CNN,1
000000069104.png,CNN,0
000000417920.png,CNN,0
000000262574.png,CNN,0
000000256820.png,CNN,0
000000565428.png,CNN,0
000000168829.png,CNN,1
000000123556.png,CNN,1
000000139013.png,CNN,0
000000468694.png,CNN,0
000000224877.png,CNN,1
000000490163.png,CNN,0
000000535785.png,CNN,0
000000413886.png,CNN,0
000000028677.png,CNN,0
000000395465.png,CNN,0
000000149971.png,CNN,0
000000211432.png,CNN,0
000000458805.png,CNN,1
000000084381.png,CNN,0
000000419616.png,CNN,1
000000067970.png,CNN,0
000000396938.png,CNN,1
000000086387.png,CNN,0
000000467569.png,CNN,0
000000168240.png,CNN,1
000000406400.png,CNN,0
000000531505.png,CNN,0
000000176990.png,CNN,1
000000218675.png,CNN,0
000000083590.png,CNN,0
000000327975.png,CNN,0
000000026806.png,CNN,0
000000329426.png,CNN,0
000000575716.png,CNN,0
000000282112.png,CNN,0
000000148256.png,CNN,1
000000517241.png,CNN,0
000000572887.png,CNN,0
000000530257.png,CNN,0
000000117451.png,CNN,0
000000455686.png,CNN,0
000000162751.png,CNN,0
000000065597.png,CNN,0
000000051809.png,CNN,1
000000401891.png,CNN,1
000000018569.png,CNN,1
000000075820.png,CNN,0
000000341890.png,CNN,1
000000252152.png,CNN,0
000000468135.png,CNN,0
000000441970.png,CNN,0
000000402482.png,CNN,0
000000510432.png,CNN,0
000000006923.png,CNN,0
000000070760.png,CNN,0
000000494457.png,CNN,1
000000518812.png,CNN,0
000000264248.png,CNN,0
000000551415.png,CNN,0
000000007843.png,CNN,0
000000303416.png,CNN,0
000000550083.png,CNN,0
000000306340.png,CNN,1
000000555310.png,CNN,0
000000519412.png,CNN,1
000000358417.png,CNN,1
000000158496.png,CNN,0
000000077658.png,CNN,0
000000429912.png,CNN,0
000000262209.png,CNN,0
000000463831.png,CNN,0
000000085533.png,CNN,0
000000269729.png,CNN,0
000000482547.png,CNN,0
000000495950.png,CNN,1
000000004001.png,CNN,0
000000269565.png,CNN,0
000000529440.png,CNN,0
000000003191.png,CNN,1
000000166672.png,CNN,1
000000507944.png,CNN,0
000000060969.png,CNN,0
000000225254.png,CNN,0
000000095074.png,CNN,0
000000436789.png,CNN,0
000000064459.png,CNN,0
000000052212.png,CNN,1
000000560027.png,CNN,0
000000399812.png,CNN,1
000000132852.png,CNN,0
000000041109.png,CNN,0
000000162671.png,CNN,1
000000292479.png,CNN,0
000000061644.png,CNN,0
000000172862.png,CNN,0
000000466418.png,CNN,1
000000549099.png,CNN,0
000000153651.png,CNN,0
000000204397.png,CNN,0
000000050131.png,CNN,1
000000563833.png,CNN,0
000000404295.png,CNN,0
000000230105.png,CNN,0
000000557428.png,CNN,0
000000576585.png,CNN,1
000000282223.png,CNN,1
000000184503.png,CNN,0
000000408637.png,CNN,0
000000447599.png,CNN,0
000000489625.png,CNN,0
000000565731.png,CNN,0
000000253594.png,CNN,0
000000559066.png,CNN,1
000000507415.png,CNN,1
000000514835.png,CNN,1
000000071111.png,CNN,0
000000576745.png,CNN,1
000000047712.png,CNN,0
000000424221.png,CNN,0
000000528734.png,CNN,1
000000415644.png,CNN,0
000000471054.png,CNN,1
000000499387.png,CNN,0
000000258801.png,CNN,0
000000046781.png,CNN,0
000000212614.png,CNN,0
000000407087.png,CNN,1
000000150468.png,CNN,1
000000194648.png,CNN,1
000000197076.png,CNN,1
000000464121.png,CNN,0
000000192201.png,CNN,0
000000413483.png,CNN,0
000000382773.png,CNN,1
000000036302.png,CNN,0
000000171865.png,CNN,0
000000249168.png,CNN,0
000000577335.png,CNN,0
000000140820.png,CNN,1
000000198334.png,CNN,1
000000427289.png,CNN,1
000000168132.png,CNN,1
000000480086.png,CNN,0
000000225821.png,CNN,0
000000452559.png,CNN,0
000000242842.png,CNN,0
000000318866.png,CNN,0
000000346064.png,CNN,0
000000322310.png,CNN,0
000000430313.png,CNN,0
000000496114.png,CNN,1
000000081349.png,CNN,1
000000460793.png,CNN,0
000000456808.png,CNN,0
000000069769.png,CNN,0
000000299763.png,CNN,0
000000122363.png,CNN,1
000000345050.png,CNN,0
000000100257.png,CNN,1
000000245352.png,CNN,0
000000498624.png,CNN,0
000000272202.png,CNN,0
000000360621.png,CNN,0
000000008447.png,CNN,0
000000542686.png,CNN,1
000000252872.png,CNN,0
000000086586.png,CNN,0
000000228453.png,CNN,1
000000461038.png,CNN,0
000000127345.png,CNN,0
000000363320.png,CNN,1
000000332865.png,CNN,1
000000130857.png,CNN,0
000000326234.png,CNN,0
000000560887.png,CNN,0
000000074994.png,CNN,0
000000101345.png,CNN,0
000000429004.png,CNN,0
000000000970.png,CNN,1
000000202613.png,CNN,0
000000013601.png,CNN,0
000000394086.png,CNN,0
000000567160.png,CNN,1
000000031008.png,CNN,1
000000186359.png,CNN,0
000000503280.png,CNN,0
000000006772.png,CNN,1
000000169518.png,CNN,0
000000025726.png,CNN,0
000000448769.png,CNN,0
000000486331.png,CNN,1
000000120413.png,CNN,0
000000489508.png,CNN,0
000000268975.png,CNN,0
000000091964.png,CNN,0
000000293521.png,CNN,0
000000291496.png,CNN,0
000000458497.png,CNN,0
000000071494.png,CNN,1
000000063591.png,CNN,1
000000037524.png,CNN,0
000000338782.png,CNN,0
000000375712.png,CNN,1
000000286602.png,CNN,1
000000380563.png,CNN,1
000000044731.png,CNN,1
000000515671.png,CNN,0
000000023979.png,CNN,1
000000085405.png,CNN,0
000000382481.png,CNN,0
000000344111.png,CNN,0
000000509670.png,CNN,0
000000034323.png,CNN,0
000000098108.png,CNN,0
000000479114.png,CNN,1
000000023559.png,CNN,0
000000459818.png,CNN,0
000000117052.png,CNN,1
000000012402.png,CNN,0
000000338286.png,CNN,0
000000376928.png,CNN,0
000000547642.png,CNN,0
000000425215.png,CNN,1
000000447454.png,CNN,1
000000544907.png,CNN,1
000000201802.png,CNN,1
000000403426.png,CNN,0
000000184704.png,CNN,1
000000256555.png,CNN,1
000000267503.png,CNN,0
000000317708.png,CNN,0
000000270312.png,CNN,1
000000076279.png,CNN,0
000000152043.png,CNN,0
000000373002.png,CNN,0
000000513412.png,CNN,0
000000355322.png,CNN,1
000000087300.png,CNN,0
000000309251.png,CNN,0
000000458947.png,CNN,0
000000235798.png,CNN,1
000000144698.png,CNN,1
000000251308.png,CNN,0
000000550384.png,CNN,0
000000279285.png,CNN,0
000000506086.png,CNN,0
000000520496.png,CNN,1
000000095838.png,CNN,0
000000301021.png,CNN,1
000000337504.png,CNN,0
000000067480.png,CNN,0
000000565824.png,CNN,0
000000098759.png,CNN,1
000000455503.png,CNN,1
000000241298.png,CNN,0
000000049950.png,CNN,0
000000505228.png,CNN,1
000000483713.png,CNN,1
000000250059.png,CNN,0
000000122524.png,CNN,1
000000210948.png,CNN,0
000000216553.png,CNN,1
000000493098.png,CNN,1
000000302226.png,CNN,0
000000234188.png,CNN,0
000000489096.png,CNN,1
000000483277.png,CNN,1
000000335381.png,CNN,0
000000067345.png,CNN,1
000000277087.png,CNN,1
000000074878.png,CNN,0
000000461618.png,CNN,0
000000181575.png,CNN,1
000000569068.png,CNN,0
000000150708.png,CNN,1
000000565228.png,CNN,0
000000001357.png,CNN,0
000000423597.png,CNN,0
000000323782.png,CNN,0
000000191670.png,CNN,1
000000425857.png,CNN,0
000000049492.png,CNN,0
000000190429.png,CNN,0
000000476030.png,CNN,1
000000362277.png,CNN,0
000000471922.png,CNN,0
000000490367.png,CNN,1
000000174953.png,CNN,0
000000287462.png,CNN,0
000000279039.png,CNN,0
000000568719.png,CNN,0
000000268747.png,CNN,1
000000287247.png,CNN,0
000000098540.png,CNN,1
000000047484.png,CNN,1
000000246546.png,CNN,0
000000477000.png,CNN,0
000000268840.png,CNN,1
000000342443.png,CNN,0
000000469547.png,CNN,0
000000198410.png,CNN,0
000000035072.png,CNN,0
000000349224.png,CNN,1
000000042053.png,CNN,1
000000032216.png,CNN,1
000000283998.png,CNN,0
000000426913.png,CNN,0
000000383016.png,CNN,0
000000184767.png,CNN,0
000000294748.png,CNN,1
000000088712.png,CNN,0
000000411098.png,CNN,0
000000154999.png,CNN,0
000000200433.png,CNN,1
000000334237.png,CNN,1
000000550803.png,CNN,1
000000042232.png,CNN,0
000000229983.png,CNN,0
000000179081.png,CNN,0
000000076512.png,CNN,1
000000209883.png,CNN,1
000000127804.png,CNN,0
000000098638.png,CNN,0
000000036184.png,CNN,1
000000183818.png,CNN,0
000000541389.png,CNN,0
000000019362.png,CNN,1
000000227834.png,CNN,0
000000425745.png,CNN,0
000000071627.png,CNN,0
000000488025.png,CNN,0
000000360429.png,CNN,1
000000359728.png,CNN,1
000000235194.png,CNN,1
000000561915.png,CNN,0
000000335990.png,CNN,1
000000409343.png,CNN,0
000000461253.png,CNN,0
000000263736.png,CNN,0
000000404888.png,CNN,0
000000002340.png,CNN,0
000000044134.png,CNN,0
000000144922.png,CNN,0
000000163223.png,CNN,0
000000164884.png,CNN,0
000000249889.png,CNN,0
000000307657.png,CNN,0
000000281145.png,CNN,0
000000259220.png,CNN,1
000000556347.png,CNN,0
000000552767.png,CNN,0
000000243546.png,CNN,1
000000466310.png,CNN,0
000000508654.png,CNN,1
000000139265.png,CNN,1
000000376425.png,CNN,0
000000247118.png,CNN,0
000000438098.png,CNN,1
000000457080.png,CNN,1
000000359035.png,CNN,1
000000425095.png,CNN,0
000000272887.png,CNN,0
000000409663.png,CNN,1
000000431749.png,CNN,0
000000312073.png,CNN,1
000000420949.png,CNN,0
000000414708.png,CNN,0
000000343772.png,CNN,1
000000199287.png,CNN,1
000000077530.png,CNN,0
000000028302.png,CNN,0
000000384581.png,CNN,0
000000467989.png,CNN,0
000000229475.png,CNN,1
000000288077.png,CNN,0
000000534819.png,CNN,0
000000163805.png,CNN,0
000000355089.png,CNN,1
000000221101.png,CNN,0
000000564834.png,CNN,0
000000233616.png,CNN,0
000000300541.png,CNN,0
000000397646.png,CNN,0
000000324572.png,CNN,0
000000568320.png,CNN,0
000000327517.png,CNN,1
000000291955.png,CNN,0
000000158078.png,CNN,0
000000046064.png,CNN,0
000000359505.png,CNN,1
000000566196.png,CNN,0
000000302746.png,CNN,0
000000434095.png,CNN,1
000000002076.png,CNN,1
000000369803.png,CNN,1
000000034939.png,CNN,0
000000214722.png,CNN,1
000000513024.png,CNN,0
000000474623.png,CNN,0
000000325049.png,CNN,1
000000360003.png,CNN,0
000000231957.png,CNN,0
000000489357.png,CNN,0
000000456361.png,CNN,1
000000035943.png,CNN,0
000000289875.png,CNN,0
000000093890.png,CNN,0
000000005921.png,CNN,0
000000496852.png,CNN,0
000000197730.png,CNN,0
000000054665.png,CNN,0
000000017548.png,CNN,0
000000429272.png,CNN,1
000000376665.png,CNN,1
000000162548.png,CNN,0
000000136000.png,CNN,1
000000512003.png,CNN,0
000000446121.png,CNN,0
000000466765.png,CNN,1
000000555647.png,CNN,0
000000441145.png,CNN,0
000000321558.png,CNN,0
000000469656.png,CNN,1
000000374281.png,CNN,1
000000264876.png,CNN,1
000000253278.png,CNN,0
000000578272.png,CNN,0
000000030075.png,CNN,0
000000225391.png,CNN,0
000000462169.png,CNN,1
000000487393.png,CNN,0
000000547412.png,CNN,0
000000284998.png,CNN,1
000000147759.png,CNN,0
000000437645.png,CNN,0
000000225647.png,CNN,0
000000178545.png,CNN,0
000000219913.png,CNN,0
000000143985.png,CNN,0
000000024871.png,CNN,0
000000428719.png,CNN,1
000000010575.png,CNN,1
000000056854.png,CNN,1
000000315747.png,CNN,0
000000383690.png,CNN,0
000000424777.png,CNN,0
000000417821.png,CNN,0
000000205490.png,CNN,0
000000308820.png,CNN,0
000000283574.png,CNN,1
000000568038.png,CNN,0
000000137581.png,CNN,0
000000537703.png,CNN,1
000000223508.png,CNN,1
000000497861.png,CNN,0
000000120931.png,CNN,0
000000447285.png,CNN,0
000000320638.png,CNN,1
000000149459.png,CNN,0
000000362850.png,CNN,1
000000085985.png,CNN,0
000000308717.png,CNN,0
000000079278.png,CNN,0
000000111412.png,CNN,0
000000566367.png,CNN,0
000000030584.png,CNN,0
000000326129.png,CNN,1
000000502657.png,CNN,1
000000408118.png,CNN,1
000000540243.png,CNN,0
000000119228.png,CNN,0
000000029168.png,CNN,0
000000008013.png,CNN,0
000000103350.png,CNN,1
000000466593.png,CNN,1
000000346431.png,CNN,0
000000363526.png,CNN,1
000000443942.png,CNN,0
000000386150.png,CNN,1
000000195354.png,CNN,0
000000557802.png,CNN,0
000000125937.png,CNN,0
000000095606.png,CNN,0
000000126087.png,CNN,0
000000228879.png,CNN,0
000000029923.png,CNN,1
000000254306.png,CNN,0
000000332673.png,CNN,1
000000089509.png,CNN,1
000000518449.png,CNN,1
000000150083.png,CNN,0
000000318739.png,CNN,0
000000011416.png,CNN,1
000000337345.png,CNN,0
000000409096.png,CNN,1
000000279389.png,CNN,0
000000273275.png,CNN,0
000000370651.png,CNN,0
000000520985.png,CNN,0
000000264334.png,CNN,1
000000232520.png,CNN,0
000000125465.png,CNN,0
000000168469.png,CNN,1
000000203536.png,CNN,0
000000170369.png,CNN,0
000000043820.png,CNN,0
000000310570.png,CNN,1
000000364156.png,CNN,0
000000577010.png,CNN,0
000000124922.png,CNN,0
000000288191.png,CNN,1
000000399163.png,CNN,1
000000213727.png,CNN,1
000000461804.png,CNN,1
000000049669.png,CNN,0
000000063752.png,CNN,0
000000512532.png,CNN,0
000000433922.png,CNN,0
000000118782.png,CNN,1
000000414944.png,CNN,1
000000197182.png,CNN,0
000000001819.png,CNN,1
000000389659.png,CNN,0
000000347522.png,CNN,1
000000221001.png,CNN,0
000000475288.png,CNN,0
000000557189.png,CNN,1
000000259089.png,CNN,1
000000110304.png,CNN,1
000000442409.png,CNN,0
000000138313.png,CNN,0
000000513313.png,CNN,0
000000366949.png,CNN,0
000000159647.png,CNN,0
000000349015.png,CNN,0
000000330657.png,CNN,0
000000189242.png,CNN,0
000000475831.png,CNN,1
000000184339.png,CNN,1
000000498429.png,CNN,0
000000075681.png,CNN,1
000000217004.png,CNN,0
000000405919.png,CNN,1
000000519131.png,CNN,0
000000345369.png,CNN,0
000000442617.png,CNN,0
000000240032.png,CNN,0
000000192857.png,CNN,0
000000154761.png,CNN,0
000000139807.png,CNN,1
000000323194.png,CNN,1
000000572637.png,CNN,1
000000304198.png,CNN,1
000000121552.png,CNN,0
000000194369.png,CNN,0
000000344562.png,CNN,0
000000377163.png,CNN,1
000000089338.png,CNN,1
000000495674.png,CNN,0
000000248947.png,CNN,1
000000298866.png,CNN,0
000000307988.png,CNN,0
000000219054.png,CNN,0
000000092460.png,CNN,0
000000151477.png,CNN,1
000000339888.png,CNN,0
000000427623.png,CNN,0
000000015676.png,CNN,0
000000185128.png,CNN,0
000000577754.png,CNN,1
000000285368.png,CNN,0
000000191258.png,CNN,1
000000331048.png,CNN,0
000000077289.png,CNN,0
000000394846.png,CNN,1
000000511441.png,CNN,0
000000571436.png,CNN,1
000000060575.png,CNN,1
000000221986.png,CNN,0
000000270905.png,CNN,0
000000373763.png,CNN,0
000000067642.png,CNN,1
000000345176.png,CNN,0
000000296516.png,CNN,1
000000360134.png,CNN,1
000000378881.png,CNN,0
000000027096.png,CNN,0
000000153331.png,CNN,0
000000021159.png,CNN,0
000000102092.png,CNN,0
000000578799.png,CNN,0
000000229029.png,CNN,0
000000457399.png,CNN,1
000000027411.png,CNN,0
000000480704.png,CNN,0
000000173123.png,CNN,0
000000227640.png,CNN,0
000000247610.png,CNN,0
000000343378.png,CNN,1
000000548448.png,CNN,0
000000259779.png,CNN,0
000000194086.png,CNN,1
000000151275.png,CNN,0
000000133952.png,CNN,1
000000073145.png,CNN,0
000000117688.png,CNN,0
000000235011.png,CNN,0
000000236146.png,CNN,1
000000305111.png,CNN,1
000000236405.png,CNN,0
000000193865.png,CNN,1
000000054035.png,CNN,0
000000362366.png,CNN,1
000000061360.png,CNN,0
000000578476.png,CNN,1
000000357447.png,CNN,0
000000295919.png,CNN,0
000000177203.png,CNN,1
000000130611.png,CNN,0
000000515994.png,CNN,0
000000118464.png,CNN,0
000000132323.png,CNN,0
000000161849.png,CNN,0
000000007273.png,CNN,0
000000261891.png,CNN,1
000000441811.png,CNN,0
000000101062.png,CNN,0
000000495259.png,CNN,1
000000014994.png,CNN,0
000000458636.png,CNN,0
000000509491.png,CNN,0
000000065811.png,CNN,0
000000488603.png,CNN,0
000000562707.png,CNN,0
000000457610.png,CNN,0
000000392619.png,CNN,0
000000196386.png,CNN,0
000000352879.png,CNN,0
000000255136.png,CNN,0
000000552514.png,CNN,0
000000313775.png,CNN,1
000000416797.png,CNN,0
000000332569.png,CNN,1
000000416988.png,CNN,0
000000367447.png,CNN,0
000000056966.png,CNN,1
000000526412.png,CNN,0
000000540510.png,CNN,0
000000097959.png,CNN,1
000000187987.png,CNN,0
000000406806.png,CNN,1
000000473238.png,CNN,1
000000211187.png,CNN,0
000000574838.png,CNN,0
000000465031.png,CNN,0
000000534100.png,CNN,0
000000070984.png,CNN,0
000000505473.png,CNN,0
000000303874.png,CNN,0
000000414841.png,CNN,0
000000550584.png,CNN,0
000000478165.png,CNN,1
000000261368.png,CNN,0
000000309594.png,CNN,1
000000289661.png,CNN,0
000000066332.png,CNN,0
000000484967.png,CNN,1
000000169424.png,CNN,0
000000482988.png,CNN,1
000000289768.png,CNN,0
000000217505.png,CNN,0
000000253423.png,CNN,0
000000028807.png,CNN,0
000000474392.png,CNN,0
000000462016.png,CNN,0
000000143828.png,CNN,0
000000228581.png,CNN,1
000000445391.png,CNN,0
000000275188.png,CNN,0
000000315167.png,CNN,1
000000259921.png,CNN,1
000000365742.png,CNN,1
000000079149.png,CNN,0
000000409827.png,CNN,0
000000316409.png,CNN,0
000000064695.png,CNN,1
000000319564.png,CNN,0
000000284293.png,CNN,0
000000385917.png,CNN,0
000000438372.png,CNN,0
000000181239.png,CNN,0
000000580383.png,CNN,1
000000161335.png,CNN,0
000000516944.png,CNN,1
000000426048.png,CNN,0
000000233794.png,CNN,1
000000099366.png,CNN,0
000000543283.png,CNN,0
000000452929.png,CNN,0
000000048885.png,CNN,0
000000145224.png,CNN,0
000000069462.png,CNN,1
000000239944.png,CNN,0
000000185734.png,CNN,1
000000097664.png,CNN,1
000000089744.png,CNN,0
000000576406.png,CNN,0
000000403158.png,CNN,0
000000313607.png,CNN,1
000000077933.png,CNN,1
000000463957.png,CNN,0
000000234365.png,CNN,0
000000208953.png,CNN,0
000000259657.png,CNN,0
000000420157.png,CNN,0
000000205623.png,CNN,0
000000347366.png,CNN,0
000000303724.png,CNN,0
000000411483.png,CNN,1
000000290407.png,CNN,0
000000270378.png,CNN,0
000000359597.png,CNN,0
000000303470.png,CNN,0
000000554278.png,CNN,0
000000484630.png,CNN,0
000000167000.png,CNN,0
000000533021.png,CNN,0
000000531984.png,CNN,0
000000387988.png,CNN,0
000000140930.png,CNN,1
000000257665.png,CNN,0
000000483109.png,CNN,0
000000287818.png,CNN,0
000000183514.png,CNN,1
000000302968.png,CNN,0
000000242627.png,CNN,0
000000251749.png,CNN,1
000000426366.png,CNN,0
000000256999.png,CNN,0
000000273006.png,CNN,0
000000115622.png,CNN,0
000000029258.png,CNN,1
000000178454.png,CNN,0
000000188337.png,CNN,0
000000174681.png,CNN,0
000000259552.png,CNN,1
000000381325.png,CNN,0
000000231185.png,CNN,0
000000410564.png,CNN,0
000000545504.png,CNN,0
000000494120.png,CNN,0
000000258618.png,CNN,0
000000235903.png,CNN,0
000000500022.png,CNN,0
000000470084.png,CNN,0
000000535068.png,CNN,0
000000318011.png,CNN,1
000000472909.png,CNN,1
000000519961.png,CNN,0
000000276456.png,CNN,0
000000453671.png,CNN,0
000000537147.png,CNN,0
000000117177.png,CNN,0
000000142195.png,CNN,0
000000040644.png,CNN,0
000000041760.png,CNN,0
000000357726.png,CNN,0
000000146966.png,CNN,0
000000509284.png,CNN,1
000000363003.png,CNN,1
000000570135.png,CNN,1
000000371265.png,CNN,0
000000463080.png,CNN,0
000000133801.png,CNN,1
000000568889.png,CNN,1
000000275319.png,CNN,1
000000006479.png,CNN,0
000000277296.png,CNN,0
000000306478.png,CNN,0
000000455032.png,CNN,0
000000334053.png,CNN,1
000000302883.png,CNN,0
000000105000.png,CNN,1
000000046304.png,CNN,0
000000017968.png,CNN,0
000000532767.png,CNN,0
000000224328.png,CNN,0
000000479679.png,CNN,0
000000061511.png,CNN,1
000000467418.png,CNN,0
000000375981.png,CNN,1
000000160047.png,CNN,0
000000352058.png,CNN,0
000000571751.png,CNN,0
000000351391.png,CNN,0
000000075480.png,CNN,0
000000280750.png,CNN,0
000000551893.png,CNN,0
000000097285.png,CNN,0
000000145707.png,CNN,1
000000361826.png,CNN,0
000000234798.png,CNN,0
000000034135.png,CNN,0
000000505734.png,CNN,1
000000330520.png,CNN,0
000000308239.png,CNN,0
000000551113.png,CNN,1
000000503413.png,CNN,1
000000550921.png,CNN,0
000000193627.png,CNN,1
000000058003.png,CNN,0
000000433207.png,CNN,0
000000160107.png,CNN,1
000000384969.png,CNN,0
000000260853.png,CNN,1
000000499075.png,CNN,0
000000238644.png,CNN,0
000000260130.png,CNN,0
000000360892.png,CNN,0
000000162342.png,CNN,0
000000191555.png,CNN,0
000000492044.png,CNN,1
000000183383.png,CNN,0
000000372416.png,CNN,0
000000240491.png,CNN,0
000000369218.png,CNN,1
000000544468.png,CNN,1
000000449181.png,CNN,0
000000449538.png,CNN,0
000000160750.png,CNN,1
000000285503.png,CNN,1
000000138140.png,CNN,0
000000452723.png,CNN,1
000000153066.png,CNN,0
000000042379.png,CNN,0
000000380727.png,CNN,1
000000062494.png,CNN,0
000000103101.png,CNN,0
000000314382.png,CNN,0
000000116945.png,CNN,1
000000188155.png,CNN,0
000000217999.png,CNN,0
000000172008.png,CNN,0
000000149189.png,CNN,0
000000044537.png,CNN,0
000000308408.png,CNN,0
000000048466.png,CNN,0
000000046601.png,CNN,0
000000208700.png,CNN,0
000000291248.png,CNN,1
000000005017.png,CNN,1
000000375395.png,CNN,0
000000424415.png,CNN,0
000000082891.png,CNN,0
000000500406.png,CNN,0
000000169687.png,CNN,0
000000533272.png,CNN,1
000000339482.png,CNN,1
000000521397.png,CNN,1
000000082534.png,CNN,1
000000202771.png,CNN,0
000000358897.png,CNN,0
000000390054.png,CNN,0
000000477232.png,CNN,0
000000330200.png,CNN,1
000000510338.png,CNN,1
000000525925.png,CNN,0
000000290090.png,CNN,1
000000029440.png,CNN,0
000000083365.png,CNN,0
000000227287.png,CNN,0
000000514473.png,CNN,0
000000129291.png,CNN,1
000000220517.png,CNN,0
000000027684.png,CNN,0
000000433106.png,CNN,1
000000350783.png,CNN,0
000000067064.png,CNN,0
000000266330.png,CNN,0
000000497517.png,CNN,1
000000155472.png,CNN,1
000000237612.png,CNN,1
000000141410.png,CNN,0
000000413759.png,CNN,0
000000341268.png,CNN,0
000000510743.png,CNN,0
000000552653.png,CNN,0
000000388949.png,CNN,0
000000359881.png,CNN,0
000000238283.png,CNN,0
000000219205.png,CNN,0
000000015464.png,CNN,0
000000119375.png,CNN,0
000000240341.png,CNN,0
000000060293.png,CNN,1
000000558218.png,CNN,0
000000372169.png,CNN,0
000000276598.png,CNN,1
000000115833.png,CNN,0
000000528193.png,CNN,0
000000281817.png,CNN,1
000000121067.png,CNN,1
000000374750.png,CNN,0
000000101737.png,CNN,1
000000063187.png,CNN,0
000000324309.png,CNN,0
000000023809.png,CNN,1
000000526691.png,CNN,0
000000025152.png,CNN,0
000000277803.png,CNN,1
000000394345.png,CNN,1
000000423486.png,CNN,1
000000346969.png,CNN,0
000000260615.png,CNN,0
000000175865.png,CNN,0
000000152308.png,CNN,0
000000286776.png,CNN,0
000000461406.png,CNN,0
000000329567.png,CNN,0
000000335528.png,CNN,0
000000379036.png,CNN,0
000000141640.png,CNN,0
000000135230.png,CNN,1
000000230239.png,CNN,0
000000067242.png,CNN,0
000000447963.png,CNN,0
000000333070.png,CNN,1
000000404694.png,CNN,1
000000081580.png,CNN,1
000000340543.png,CNN,0
000000172471.png,CNN,1
000000013958.png,CNN,1
000000155856.png,CNN,1
000000334737.png,CNN,1
000000408932.png,CNN,1
000000422196.png,CNN,1
000000036647.png,CNN,1
000000023700.png,CNN,0
000000295191.png,CNN,1
000000481871.png,CNN,0
000000544586.png,CNN,0
000000496236.png,CNN,0
000000403945.png,CNN,1
000000410257.png,CNN,1
000000085246.png,CNN,1
000000073958.png,CNN,0
000000158837.png,CNN,0
000000357234.png,CNN,1
000000097098.png,CNN,1
000000090819.png,CNN,0
000000114605.png,CNN,0
000000470180.png,CNN,1
000000043630.png,CNN,0
000000342733.png,CNN,0
000000175128.png,CNN,0
000000545256.png,CNN,1
000000027576.png,CNN,0
000000085664.png,CNN,1
000000565123.png,CNN,1
000000118079.png,CNN,1
000000354986.png,CNN,0
000000266849.png,CNN,0
000000414021.png,CNN,0
000000284467.png,CNN,0
000000051019.png,CNN,1
000000013181.png,CNN,1
000000515290.png,CNN,0
000000162219.png,CNN,1
000000201964.png,CNN,0
000000208330.png,CNN,1
000000555142.png,CNN,1
000000581908.png,CNN,0
000000214922.png,CNN,0
000000041917.png,CNN,1
000000097390.png,CNN,0
000000466185.png,CNN,1
000000419034.png,CNN,1
000000410941.png,CNN,0
000000391649.png,CNN,1
000000009390.png,CNN,0
000000029025.png,CNN,0
000000252466.png,CNN,0
000000528419.png,CNN,1
000000147463.png,CNN,1
000000160627.png,CNN,0
000000391261.png,CNN,0
000000284719.png,CNN,0
000000529971.png,CNN,0
000000310276.png,CNN,0
000000064895.png,CNN,1
000000441235.png,CNN,1
000000444317.png,CNN,0
000000225077.png,CNN,0
000000269361.png,CNN,1
000000440323.png,CNN,0
000000511018.png,CNN,0
000000126386.png,CNN,1
000000401530.png,CNN,1
000000523652.png,CNN,0
000000367054.png,CNN,1
000000272731.png,CNN,0
000000195001.png,CNN,1
000000371381.png,CNN,1
000000063008.png,CNN,1
000000301723.png,CNN,1
000000319245.png,CNN,1
000000027924.png,CNN,0
000000257827.png,CNN,0
000000158980.png,CNN,1
000000448550.png,CNN,0
000000543107.png,CNN,0
000000525679.png,CNN,0
000000521688.png,CNN,0
000000141550.png,CNN,0
000000012035.png,CNN,0
000000310924.png,CNN,0
000000539062.png,CNN,1
000000569537.png,CNN,0
000000126710.png,CNN,0
000000316753.png,CNN,1
000000511238.png,CNN,1
000000432110.png,CNN,0
000000233228.png,CNN,0
000000371152.png,CNN,1
000000258524.png,CNN,1
000000192446.png,CNN,1
000000051974.png,CNN,0
000000299088.png,CNN,0
000000371921.png,CNN,0
000000498135.png,CNN,0
000000428545.png,CNN,0
000000381090.png,CNN,0
000000134976.png,CNN,1
000000555829.png,CNN,1
000000353192.png,CNN,1
000000227135.png,CNN,0
000000434451.png,CNN,1
000000178147.png,CNN,1
000000260506.png,CNN,0
000000165511.png,CNN,1
000000562542.png,CNN,0
000000294230.png,CNN,0
000000536379.png,CNN,0
000000020040.png,CNN,1
000000105832.png,CNN,0
000000536844.png,CNN,0
000000108824.png,CNN,0
000000188714.png,CNN,0
000000288915.png,CNN,1
000000430886.png,CNN,0
000000356156.png,CNN,0
000000499231.png,CNN,0
000000546505.png,CNN,0
000000267364.png,CNN,0
000000237053.png,CNN,0
000000142078.png,CNN,0
000000460065.png,CNN,0
000000215010.png,CNN,0
000000494661.png,CNN,0
000000096786.png,CNN,0
000000530974.png,CNN,1
000000370182.png,CNN,1
000000580038.png,CNN,1
000000410127.png,CNN,0
000000364503.png,CNN,0
000000242177.png,CNN,0
000000124114.png,CNN,1
000000344355.png,CNN,1
000000159849.png,CNN,0
000000568140.png,CNN,0
000000188874.png,CNN,0
000000380923.png,CNN,1
000000161964.png,CNN,0
000000479962.png,CNN,0
000000297577.png,CNN,0
000000025806.png,CNN,0
000000072301.png,CNN,1
000000515154.png,CNN,0
000000292987.png,CNN,0
000000322058.png,CNN,0
000000554975.png,CNN,0
000000192033.png,CNN,0
000000362687.png,CNN,0
000000248764.png,CNN,1
000000239690.png,CNN,0
000000039795.png,CNN,1
000000120568.png,CNN,0
000000444406.png,CNN,1
000000004440.png,CNN,0
000000214203.png,CNN,0
000000011023.png,CNN,0
000000556531.png,CNN,0
000000264682.png,CNN,0
000000103974.png,CNN,1
000000241713.png,CNN,0
000000482681.png,CNN,0
000000250661.png,CNN,0
000000082156.png,CNN,1
000000174540.png,CNN,0
000000462305.png,CNN,0
000000553357.png,CNN,1
000000540061.png,CNN,0
000000155619.png,CNN,1
000000346640.png,CNN,0
000000271487.png,CNN,0
000000401120.png,CNN,0
000000145838.png,CNN,0
000000087873.png,CNN,0
000000106030.png,CNN,1
000000383124.png,CNN,0
000000566659.png,CNN,1
000000570315.png,CNN,0
000000368147.png,CNN,1
000000255291.png,CNN,0
000000533591.png,CNN,1
000000427948.png,CNN,0
000000102448.png,CNN,1
000000130301.png,CNN,1
000000121391.png,CNN,0
000000361013.png,CNN,0
000000320384.png,CNN,0
000000393582.png,CNN,1
000000271739.png,CNN,1
000000556190.png,CNN,1
000000125326.png,CNN,1
000000497346.png,CNN,1
000000044373.png,CNN,0
000000275886.png,CNN,0
000000387732.png,CNN,0
000000183681.png,CNN,0
000000487894.png,CNN,0
000000227452.png,CNN,0
000000439549.png,CNN,0
000000451676.png,CNN,0
000000222293.png,CNN,0
000000431231.png,CNN,0
000000172641.png,CNN,1
000000226721.png,CNN,0
000000387054.png,CNN,0
000000157695.png,CNN,0
000000439064.png,CNN,0
000000563425.png,CNN,0
000000512197.png,CNN,1
000000021882.png,CNN,1
000000398156.png,CNN,0
000000379961.png,CNN,1
000000427808.png,CNN,0
000000172234.png,CNN,0
000000175514.png,CNN,1
000000207226.png,CNN,0
000000260279.png,CNN,0
000000258422.png,CNN,0
000000116775.png,CNN,0
000000485329.png,CNN,1
000000515816.png,CNN,1
000000520835.png,CNN,0
000000302542.png,CNN,0
000000389247.png,CNN,0
000000539281.png,CNN,0
000000466663.png,CNN,0
000000537275.png,CNN,0
000000304857.png,CNN,0
000000276875.png,CNN,0
000000151895.png,CNN,0
000000205110.png,CNN,0
000000117875.png,CNN,0
000000173396.png,CNN,0
000000269181.png,CNN,1
000000142307.png,CNN,0
000000503188.png,CNN,0
000000566028.png,CNN,0
000000167153.png,CNN,0
000000261567.png,CNN,0
000000003065.png,CNN,0
000000508947.png,CNN,1
000000564296.png,CNN,0
000000487715.png,CNN,0
000000190001.png,CNN,1
000000432275.png,CNN,1
000000530657.png,CNN,1
000000241451.png,CNN,0
000000070625.png,CNN,1
000000541937.png,CNN,0
000000436433.png,CNN,1
000000282581.png,CNN,0
000000378597.png,CNN,0
000000111540.png,CNN,0
000000505123.png,CNN,0
000000551731.png,CNN,0
000000536490.png,CNN,0
000000172766.png,CNN,0
000000395296.png,CNN,0
000000415518.png,CNN,0
000000498237.png,CNN,0
000000275069.png,CNN,1
000000145395.png,CNN,0
000000042922.png,CNN,0
000000485471.png,CNN,1
000000504579.png,CNN,0
000000375049.png,CNN,0
000000355187.png,CNN,0
000000110987.png,CNN,0
000000469943.png,CNN,0
000000406660.png,CNN,0
000000578150.png,CNN,1
000000422324.png,CNN,0
000000580531.png,CNN,0
000000197418.png,CNN,0
000000189878.png,CNN,1
000000163121.png,CNN,1
000000099483.png,CNN,0
000000403496.png,CNN,0
000000022073.png,CNN,1
000000320072.png,CNN,0
000000396067.png,CNN,0
000000006309.png,CNN,0
000000203155.png,CNN,0
000000189053.png,CNN,1
000000137393.png,CNN,0
000000337913.png,CNN,0
000000242025.png,CNN,0
000000514307.png,CNN,0
000000339983.png,CNN,1
000000451366.png,CNN,0
000000319416.png,CNN,0
000000562065.png,CNN,0
000000134308.png,CNN,0
000000319886.png,CNN,0
000000152892.png,CNN,1
000000045562.png,CNN,0
000000022243.png,CNN,0
000000561297.png,CNN,1
000000435594.png,CNN,0
000000533970.png,CNN,1
000000198791.png,CNN,0
000000408409.png,CNN,0
000000527481.png,CNN,0
000000049067.png,CNN,1
000000228307.png,CNN,1
000000384383.png,CNN,0
000000014786.png,CNN,1
000000014119.png,CNN,1
000000095239.png,CNN,0
000000090546.png,CNN,0
000000184066.png,CNN,0
000000532593.png,CNN,1
000000513209.png,CNN,0
000000152707.png,CNN,0
000000152173.png,CNN,1
000000432839.png,CNN,0
000000321021.png,CNN,1
000000436220.png,CNN,0
000000388144.png,CNN,0
000000566977.png,CNN,1
000000032796.png,CNN,0
000000105094.png,CNN,0
000000415245.png,CNN,0
000000573976.png,CNN,0
000000083182.png,CNN,0
000000055935.png,CNN,0
000000278515.png,CNN,1
000000417543.png,CNN,0
000000462939.png,CNN,1
000000370008.png,CNN,1
000000371520.png,CNN,0
000000123249.png,CNN,0
000000314545.png,CNN,1
000000254790.png,CNN,0
000000509803.png,CNN,0
000000489955.png,CNN,0
000000400047.png,CNN,0
000000277458.png,CNN,0
000000218887.png,CNN,1
000000235645.png,CNN,0
000000154915.png,CNN,0
000000403001.png,CNN,0
000000325726.png,CNN,1
000000348272.png,CNN,0
000000343931.png,CNN,1
000000094641.png,CNN,0
000000078607.png,CNN,0
000000149735.png,CNN,0
000000411983.png,CNN,0
000000476640.png,CNN,0
000000278415.png,CNN,1
000000317852.png,CNN,0
000000541057.png,CNN,0
000000190233.png,CNN,0
000000119473.png,CNN,0
000000561778.png,CNN,1
000000120050.png,CNN,1
000000052809.png,CNN,0
000000347661.png,CNN,0
000000100615.png,CNN,0
000000225994.png,CNN,1
000000102689.png,CNN,1
000000170894.png,CNN,0
000000015982.png,CNN,0
000000228698.png,CNN,0
000000202481.png,CNN,1
000000310418.png,CNN,1
000000468295.png,CNN,1
000000390545.png,CNN,0
000000572968.png,CNN,0
000000353073.png,CNN,0
000000039636.png,CNN,0
000000369108.png,CNN,0
000000293129.png,CNN,0
000000468581.png,CNN,1
000000211053.png,CNN,0
000000263091.png,CNN,1
000000508381.png,CNN,0
000000473544.png,CNN,1
000000380402.png,CNN,0
000000180318.png,CNN,0
000000252590.png,CNN,0
000000229126.png,CNN,0
000000444597.png,CNN,1
000000305847.png,CNN,1
000000553739.png,CNN,1
000000244483.png,CNN,0
000000437352.png,CNN,1
000000266185.png,CNN,0
000000556425.png,CNN,1
000000308929.png,CNN,1
000000367261.png,CNN,0
000000438665.png,CNN,0
000000444930.png,CNN,0
000000534541.png,CNN,1
000000094897.png,CNN,0
000000232171.png,CNN,0
000000080570.png,CNN,0
000000202256.png,CNN,1
000000352489.png,CNN,0
000000286394.png,CNN,0
000000345253.png,CNN,0
000000392165.png,CNN,1
000000269872.png,CNN,0
000000108469.png,CNN,1
000000355616.png,CNN,0
000000537052.png,CNN,1
000000038418.png,CNN,1
000000435978.png,CNN,0
000000391386.png,CNN,0
000000065692.png,CNN,0
000000109660.png,CNN,0
000000050774.png,CNN,1
000000441037.png,CNN,0
000000062721.png,CNN,0
000000524978.png,CNN,0
000000126186.png,CNN,1
000000099738.png,CNN,1
000000386444.png,CNN,1
000000290772.png,CNN,0
000000089925.png,CNN,0
000000496477.png,CNN,1
000000236928.png,CNN,0
000000012164.png,CNN,0
000000050402.png,CNN,0
000000466963.png,CNN,0
000000143451.png,CNN,1
000000285286.png,CNN,1
000000176011.png,CNN,1
000000312892.png,CNN,0
000000423115.png,CNN,1
000000400690.png,CNN,0
000000389922.png,CNN,0
000000322982.png,CNN,0
000000389802.png,CNN,0
000000341022.png,CNN,0
000000180440.png,CNN,0
000000522863.png,CNN,0
000000291063.png,CNN,0
000000459055.png,CNN,1
000000193264.png,CNN,0
000000518227.png,CNN,0
000000154076.png,CNN,0
000000146740.png,CNN,0
000000309769.png,CNN,0
000000289259.png,CNN,0
000000075945.png,CNN,0
000000342545.png,CNN,0
000000527739.png,CNN,0
000000062290.png,CNN,0
000000233398.png,CNN,1
000000580269.png,CNN,1
000000391483.png,CNN,0
000000167460.png,CNN,1
000000243123.png,CNN,0
000000396422.png,CNN,0
000000220020.png,CNN,1
000000479276.png,CNN,1
000000522420.png,CNN,1
000000455314.png,CNN,1
000000522278.png,CNN,1
000000532939.png,CNN,1
000000032444.png,CNN,0
000000540889.png,CNN,0
000000101227.png,CNN,1
000000378141.png,CNN,1
000000104709.png,CNN,1
000000257138.png,CNN,0
000000246986.png,CNN,0
000000553536.png,CNN,0
000000281948.png,CNN,0
000000356452.png,CNN,1
000000240886.png,CNN,1
000000106571.png,CNN,0
000000138023.png,CNN,0
000000401230.png,CNN,0
000000019139.png,CNN,0
000000004126.png,CNN,1
000000324162.png,CNN,0
000000215710.png,CNN,1
000000110839.png,CNN,1
000000160526.png,CNN,0
000000331970.png,CNN,1
000000086153.png,CNN,0
000000504368.png,CNN,1
000000417127.png,CNN,0
000000200894.png,CNN,1
000000353600.png,CNN,0
000000347983.png,CNN,0
000000449058.png,CNN,0
000000060779.png,CNN,0
000000501751.png,CNN,0
000000257593.png,CNN,0
000000026267.png,CNN,1
000000097807.png,CNN,0
000000137239.png,CNN,0
000000283851.png,CNN,0
000000514985.png,CNN,1
000000126882.png,CNN,1
000000405584.png,CNN,0
000000314735.png,CNN,0
000000186672.png,CNN,1
000000037409.png,CNN,1
000000409778.png,CNN,1
000000492621.png,CNN,0
000000259315.png,CNN,0
000000508517.png,CNN,1
000000327147.png,CNN,0
000000577203.png,CNN,1
000000092788.png,CNN,0
000000416113.png,CNN,0
000000450837.png,CNN,1
000000100470.png,CNN,0
000000041206.png,CNN,0
000000122168.png,CNN,1
000000561235.png,CNN,0
000000322543.png,CNN,0
000000024381.png,CNN,1
000000393431.png,CNN,0
000000521322.png,CNN,1
000000086806.png,CNN,1
000000510086.png,CNN,1
000000113482.png,CNN,1
000000055102.png,CNN,0
000000221849.png,CNN,1
000000228183.png,CNN,0
000000321345.png,CNN,0
000000299218.png,CNN,0
000000458203.png,CNN,0
000000380113.png,CNN,1
000000532307.png,CNN,0
000000462800.png,CNN,1
000000164794.png,CNN,0
000000553844.png,CNN,0
000000464385.png,CNN,0
000000096141.png,CNN,0
000000299990.png,CNN,1
000000129469.png,CNN,0
000000022486.png,CNN,0
000000507146.png,CNN,0
000000102964.png,CNN,0
000000099034.png,CNN,0
000000023037.png,CNN,1
000000317101.png,CNN,0
000000020530.png,CNN,0
000000298533.png,CNN,0
000000296026.png,CNN,0
000000506649.png,CNN,0
000000307046.png,CNN,0
000000124984.png,CNN,0
000000473837.png,CNN,0
000000573802.png,CNN,0
000000298104.png,CNN,0
000000097528.png,CNN,0
000000263164.png,CNN,0
000000352699.png,CNN,0
000000414349.png,CNN,0
000000392790.png,CNN,1
000000123962.png,CNN,0
000000436964.png,CNN,0
000000308561.png,CNN,0
000000462628.png,CNN,0
000000357935.png,CNN,0
000000040807.png,CNN,0
000000043463.png,CNN,1
000000266540.png,CNN,1
000000125630.png,CNN,1
000000493488.png,CNN,0
000000089639.png,CNN,1
000000156788.png,CNN,0
000000211934.png,CNN,0
000000297743.png,CNN,0
000000177761.png,CNN,0
000000003901.png,CNN,0
000000443312.png,CNN,0
000000054453.png,CNN,1
000000179486.png,CNN,0
000000163448.png,CNN,0
000000353422.png,CNN,0
000000175679.png,CNN,0
000000133884.png,CNN,1
000000052321.png,CNN,0
000000282818.png,CNN,1
000000321843.png,CNN,1
000000521081.png,CNN,0
000000128407.png,CNN,1
000000026994.png,CNN,0
000000385525.png,CNN,0
000000139565.png,CNN,0
000000492725.png,CNN,1
000000157355.png,CNN,0
000000029785.png,CNN,0
000000518967.png,CNN,0
000000045233.png,CNN,0
000000463311.png,CNN,0
000000018204.png,CNN,1
000000359372.png,CNN,0
000000413323.png,CNN,1
000000093514.png,CNN,0
000000102814.png,CNN,0
000000279635.png,CNN,0
000000212085.png,CNN,0
000000165923.png,CNN,0
000000271602.png,CNN,0
000000484495.png,CNN,1
000000504107.png,CNN,1
000000251213.png,CNN,1
000000124255.png,CNN,0
000000367658.png,CNN,0
000000428090.png,CNN,0
000000465919.png,CNN,0
000000446997.png,CNN,0
000000445206.png,CNN,1
000000263487.png,CNN,0
000000364328.png,CNN,0
000000311150.png,CNN,0
000000087537.png,CNN,1
000000368354.png,CNN,0
000000376289.png,CNN,1
000000283443.png,CNN,1
000000059349.png,CNN,0
000000210049.png,CNN,1
000000082660.png,CNN,1
000000013391.png,CNN,0
000000333695.png,CNN,1
000000500149.png,CNN,1
000000286038.png,CNN,1
000000472263.png,CNN,0
000000203293.png,CNN,0
000000196693.png,CNN,1
000000334992.png,CNN,0
000000377773.png,CNN,1
000000456691.png,CNN,1
000000197905.png,CNN,0
000000569910.png,CNN,0
000000148396.png,CNN,1
000000511612.png,CNN,0
000000336803.png,CNN,0
000000352610.png,CNN,0
000000086251.png,CNN,0
000000255945.png,CNN,0
000000191148.png,CNN,0
000000526207.png,CNN,1
000000002769.png,CNN,1
000000113877.png,CNN,0
000000556957.png,CNN,1
000000068296.png,CNN,1
000000086960.png,CNN,0
000000183278.png,CNN,1
000000373121.png,CNN,1
000000576922.png,CNN,0
000000218550.png,CNN,1
000000539715.png,CNN,0
000000129614.png,CNN,0
000000101500.png,CNN,0
000000128847.png,CNN,0
000000295354.png,CNN,0
000000040976.png,CNN,1
000000128688.png,CNN,1
000000023181.png,CNN,0
000000412913.png,CNN,1
000000535616.png,CNN,0
000000296160.png,CNN,0
000000076819.png,CNN,0
000000551234.png,CNN,0
000000059940.png,CNN,0
000000581767.png,CNN,1
000000575995.png,CNN,0
000000004866.png,CNN,0
000000278703.png,CNN,1
000000363709.png,CNN,1
000000483903.png,CNN,0
000000435276.png,CNN,1
000000036946.png,CNN,1
000000422034.png,CNN,1
000000373300.png,CNN,1
000000305944.png,CNN,1
000000298719.png,CNN,1
000000404152.png,CNN,0
000000500636.png,CNN,1
000000126544.png,CNN,1
000000253084.png,CNN,1
000000510595.png,CNN,0
000000286697.png,CNN,1
000000542259.png,CNN,0
000000129148.png,CNN,0
000000497653.png,CNN,0
000000229683.png,CNN,1
000000007136.png,CNN,0
000000209297.png,CNN,0
000000016853.png,CNN,0
000000565026.png,CNN,0
000000507772.png,CNN,1
000000540385.png,CNN,0
000000346285.png,CNN,1
000000388700.png,CNN,0
000000134087.png,CNN,1
000000433595.png,CNN,0
000000298966.png,CNN,1
000000350455.png,CNN,1
000000533866.png,CNN,0
000000537809.png,CNN,1
000000263611.png,CNN,0
000000202347.png,CNN,0
000000107063.png,CNN,0
000000470725.png,CNN,0
000000493646.png,CNN,0
000000113137.png,CNN,0
000000348557.png,CNN,0
000000100033.png,CNN,0
000000503550.png,CNN,0
000000251986.png,CNN,0
000000438868.png,CNN,0
000000187332.png,CNN,0
000000063445.png,CNN,0
000000364966.png,CNN,0
000000176373.png,CNN,0
000000569673.png,CNN,0
000000140000.png,CNN,0
000000388287.png,CNN,0
000000491438.png,CNN,0
000000490901.png,CNN,0
000000115062.png,CNN,0
000000081045.png,CNN,0
000000135418.png,CNN,0
000000168636.png,CNN,0
000000299391.png,CNN,0
000000581494.png,CNN,0
000000321211.png,CNN,1
000000029638.png,CNN,1
000000559317.png,CNN,0
000000024574.png,CNN,0
000000343197.png,CNN,1
000000477369.png,CNN,0
000000102295.png,CNN,1
000000157200.png,CNN,0
000000205837.png,CNN,1
000000133038.png,CNN,0
000000547811.png,CNN,0
000000422614.png,CNN,0
000000411376.png,CNN,1
000000436322.png,CNN,0
000000538211.png,CNN,1
000000332344.png,CNN,0
000000024142.png,CNN,0
000000344700.png,CNN,1
000000262939.png,CNN,0
000000579180.png,CNN,0
000000146285.png,CNN,0
000000574985.png,CNN,0
000000033101.png,CNN,0
000000081949.png,CNN,0
000000455850.png,CNN,0
000000477488.png,CNN,0
000000205993.png,CNN,1
000000231033.png,CNN,0
000000263356.png,CNN,0
000000180901.png,CNN,0
000000470372.png,CNN,1
000000378232.png,CNN,0
000000113685.png,CNN,0
000000024747.png,CNN,0
000000516621.png,CNN,1
000000129732.png,CNN,0
000000167258.png,CNN,0
000000344243.png,CNN,0
000000111200.png,CNN,1
000000085074.png,CNN,0
000000341165.png,CNN,0
000000201058.png,CNN,0
000000243640.png,CNN,0
000000570212.png,CNN,0
000000505832.png,CNN,0
000000058971.png,CNN,0
000000422484.png,CNN,1
000000525343.png,CNN,1
000000491946.png,CNN,0
000000101974.png,CNN,0
000000273644.png,CNN,0
000000060101.png,CNN,0
000000462453.png,CNN,1
000000111666.png,CNN,0
000000426999.png,CNN,1
000000018865.png,CNN,0
000000122889.png,CNN,0
000000531387.png,CNN,0
000000445934.png,CNN,1
000000039915.png,CNN,0
000000441648.png,CNN,0
000000448386.png,CNN,0
000000530114.png,CNN,1
000000262451.png,CNN,1
000000002991.png,CNN,1
000000059049.png,CNN,0
000000365637.png,CNN,0
000000512810.png,CNN,0
000000237885.png,CNN,1
000000127482.png,CNN,0
000000367812.png,CNN,0
000000027209.png,CNN,0
000000454363.png,CNN,1
000000069924.png,CNN,1
000000174232.png,CNN,1
000000412154.png,CNN,0
000000215425.png,CNN,0
000000038956.png,CNN,1
000000570020.png,CNN,0
000000162896.png,CNN,1
000000267740.png,CNN,1
000000222999.png,CNN,1
000000135514.png,CNN,0
000000206075.png,CNN,0
000000274372.png,CNN,1
000000431424.png,CNN,0
000000411234.png,CNN,0
000000078992.png,CNN,1
000000193425.png,CNN,0
000000081769.png,CNN,0
000000226201.png,CNN,0
000000023401.png,CNN,0
000000399953.png,CNN,1
000000018100.png,CNN,1
000000147332.png,CNN,0
000000541257.png,CNN,1
000000050887.png,CNN,1
000000128532.png,CNN,1
000000331682.png,CNN,0
000000254055.png,CNN,0
000000500276.png,CNN,1
000000077818.png,CNN,0
000000555510.png,CNN,0
000000234606.png,CNN,1
000000086735.png,CNN,1
000000421518.png,CNN,1
000000445044.png,CNN,1
000000501626.png,CNN,1
000000560169.png,CNN,1
000000474885.png,CNN,0
000000048186.png,CNN,0
000000068505.png,CNN,0
000000177345.png,CNN,0
000000321129.png,CNN,0
000000363210.png,CNN,1
000000370370.png,CNN,0
000000136759.png,CNN,0
000000362478.png,CNN,0
000000093238.png,CNN,0
000000136615.png,CNN,1
000000338947.png,CNN,1
000000400438.png,CNN,1
000000265504.png,CNN,1
000000129012.png,CNN,1
000000268575.png,CNN,1
000000213335.png,CNN,0
000000343034.png,CNN,1
000000375553.png,CNN,0
000000209363.png,CNN,1
000000361416.png,CNN,1
000000098252.png,CNN,1
000000397988.png,CNN,0
000000499578.png,CNN,0
000000475458.png,CNN,0
000000172400.png,CNN,1
000000426765.png,CNN,0
000000403722.png,CNN,0
000000354073.png,CNN,1
000000216423.png,CNN,1
000000055778.png,CNN,1
000000090630.png,CNN,1
000000104350.png,CNN,1
000000329049.png,CNN,1
000000186023.png,CNN,0
000000398964.png,CNN,1
000000534264.png,CNN,1
000000119046.png,CNN,0
000000325403.png,CNN,1
000000419881.png,CNN,0
000000347215.png,CNN,0
000000459596.png,CNN,0
000000468812.png,CNN,1
000000154160.png,CNN,1
000000415085.png,CNN,1
000000355412.png,CNN,1
000000486185.png,CNN,1
000000357106.png,CNN,0
000000087167.png,CNN,1
000000317483.png,CNN,1
000000232667.png,CNN,0
000000481755.png,CNN,0
000000257402.png,CNN,0
000000561440.png,CNN,0
000000273741.png,CNN,1
000000560331.png,CNN,0
000000073046.png,CNN,1
000000304306.png,CNN,1
000000369595.png,CNN,0
000000383323.png,CNN,0
000000331293.png,CNN,0
000000305293.png,CNN,0
000000094243.png,CNN,1
000000290275.png,CNN,1
000000142621.png,CNN,1
000000075164.png,CNN,0
000000354513.png,CNN,0
000000260003.png,CNN,0
000000204747.png,CNN,0
000000452039.png,CNN,1
000000010257.png,CNN,0
000000513535.png,CNN,0
000000433350.png,CNN,0
000000509912.png,CNN,1
000000249708.png,CNN,0
000000296380.png,CNN,0
000000385791.png,CNN,1
000000112943.png,CNN,0
000000571868.png,CNN,0
000000170568.png,CNN,0
000000436639.png,CNN,1
000000444182.png,CNN,1
000000282710.png,CNN,0
000000030366.png,CNN,0
000000199544.png,CNN,1
000000524482.png,CNN,0
000000365149.png,CNN,0
000000449986.png,CNN,0
000000130449.png,CNN,0
000000215623.png,CNN,1
000000580611.png,CNN,1
000000295833.png,CNN,0
000000429723.png,CNN,1
000000104186.png,CNN,0
000000305662.png,CNN,0
000000212729.png,CNN,0
000000285658.png,CNN,0
000000042776.png,CNN,0
000000575611.png,CNN,1
000000206901.png,CNN,1
000000501254.png,CNN,0
000000354378.png,CNN,0
000000430726.png,CNN,1
000000319058.png,CNN,0
000000547045.png,CNN,0
000000076983.png,CNN,0
000000563708.png,CNN,0
000000451756.png,CNN,0
000000121750.png,CNN,0
000000439807.png,CNN,0
000000280091.png,CNN,0
000000167620.png,CNN,1
000000010682.png,CNN,0
000000131091.png,CNN,0
000000034504.png,CNN,0
000000113567.png,CNN,1
000000272369.png,CNN,0
000000523231.png,CNN,0
000000269123.png,CNN,0
000000304951.png,CNN,0
000000122673.png,CNN,1
000000423230.png,CNN,0
000000256437.png,CNN,0
000000090416.png,CNN,0
000000467083.png,CNN,0
000000138471.png,CNN,0
000000478930.png,CNN,0
000000329764.png,CNN,1
000000137909.png,CNN,0
000000301217.png,CNN,1
000000072152.png,CNN,0
000000154535.png,CNN,0
000000080681.png,CNN,1
000000337136.png,CNN,1
000000149549.png,CNN,1
000000184180.png,CNN,0
000000397524.png,CNN,0
000000505368.png,CNN,0
000000135632.png,CNN,0
000000222718.png,CNN,1
000000572299.png,CNN,0
000000513955.png,CNN,0
000000080870.png,CNN,0
000000306076.png,CNN,0
000000288831.png,CNN,0
000000159248.png,CNN,1
000000545023.png,CNN,1
000000283326.png,CNN,0
000000124449.png,CNN,0
000000550218.png,CNN,0
000000517904.png,CNN,1
000000512628.png,CNN,0
000000080242.png,CNN,0
000000119660.png,CNN,0
000000307363.png,CNN,0
000000464573.png,CNN,0
000000280975.png,CNN,1
000000007435.png,CNN,0
000000404774.png,CNN,0
000000109413.png,CNN,0
000000567468.png,CNN,0
000000329924.png,CNN,0
000000001175.png,CNN,0
000000477564.png,CNN,1
000000165156.png,CNN,0
000000244324.png,CNN,1
000000525547.png,CNN,1
000000562797.png,CNN,0
000000575456.png,CNN,0
000000417709.png,CNN,0
000000342282.png,CNN,0
000000438770.png,CNN,0
000000146108.png,CNN,1
000000456963.png,CNN,1
000000567291.png,CNN,1
000000353805.png,CNN,0
000000563577.png,CNN,0
000000043214.png,CNN,1
000000112079.png,CNN,0
000000203686.png,CNN,1
000000376149.png,CNN,0
000000035209.png,CNN,0
000000108635.png,CNN,0
000000031523.png,CNN,0
000000127591.png,CNN,0
000000353708.png,CNN,1
000000028074.png,CNN,1
000000513644.png,CNN,1
000000000771.png,CNN,0
000000560696.png,CNN,0
000000046914.png,CNN,0
000000154406.png,CNN,1
000000491654.png,CNN,0
000000365832.png,CNN,0
000000166558.png,CNN,1
000000210701.png,CNN,1
000000058643.png,CNN,1
000000177993.png,CNN,0
000000248158.png,CNN,0
000000310087.png,CNN,0
000000283049.png,CNN,0
000000323989.png,CNN,1
000000385211.png,CNN,0
000000405011.png,CNN,1
000000446370.png,CNN,0
000000058852.png,CNN,0
000000382343.png,CNN,0
000000079375.png,CNN,0
000000328226.png,CNN,0
000000562263.png,CNN,0
000000577998.png,CNN,0
000000331812.png,CNN,0
000000549811.png,CNN,0
000000295526.png,CNN,1
000000022800.png,CNN,0
000000248555.png,CNN,1
000000213231.png,CNN,0
000000239501.png,CNN,1
000000271154.png,CNN,1
000000495178.png,CNN,0
000000423763.png,CNN,0
000000141332.png,CNN,0
000000261763.png,CNN,1
000000059511.png,CNN,0
000000212286.png,CNN,0
000000227905.png,CNN,1
000000443495.png,CNN,0
000000504742.png,CNN,0
000000129878.png,CNN,1
000000492252.png,CNN,0
000000307867.png,CNN,0
000000311625.png,CNN,0
000000194819.png,CNN,0
000000282468.png,CNN,0
000000349572.png,CNN,0
000000070264.png,CNN,1
000000245187.png,CNN,0
000000579328.png,CNN,1
000000520415.png,CNN,0
000000078866.png,CNN,0
000000245604.png,CNN,0
000000313279.png,CNN,0
000000064525.png,CNN,1
000000543629.png,CNN,0
000000167919.png,CNN,0
000000472682.png,CNN,0
000000528908.png,CNN,1
000000026556.png,CNN,0
000000306899.png,CNN,0
000000285785.png,CNN,0
000000336188.png,CNN,0
000000294091.png,CNN,1
000000539433.png,CNN,0
000000568489.png,CNN,0
000000066838.png,CNN,0
000000222189.png,CNN,0
000000564730.png,CNN,0
000000185537.png,CNN,0
000000396208.png,CNN,0
000000402079.png,CNN,1
000000280510.png,CNN,0
000000196173.png,CNN,1
000000339282.png,CNN,1
000000412470.png,CNN,1
000000072864.png,CNN,0
000000058417.png,CNN,0
000000004305.png,CNN,0
000000324457.png,CNN,0
000000411634.png,CNN,0
000000062086.png,CNN,1
000000425624.png,CNN,1
000000160936.png,CNN,1
000000383201.png,CNN,1
000000298324.png,CNN,0
000000554612.png,CNN,1
000000085890.png,CNN,1
000000149097.png,CNN,0
000000419240.png,CNN,0
000000515477.png,CNN,0
000000243452.png,CNN,0
000000316548.png,CNN,1
000000460374.png,CNN,0
000000199101.png,CNN,1
000000105248.png,CNN,1
000000460911.png,CNN,0
000000379783.png,CNN,0
000000518641.png,CNN,0
000000475128.png,CNN,0
000000115414.png,CNN,0
000000201228.png,CNN,0
000000267171.png,CNN,0
000000116307.png,CNN,1
000000499699.png,CNN,1
000000339551.png,CNN,1
000000382941.png,CNN,0
000000222459.png,CNN,0
000000172981.png,CNN,1
000000089085.png,CNN,0
000000232915.png,CNN,0
000000443791.png,CNN,0
000000544326.png,CNN,0
000000118684.png,CNN,0
000000083786.png,CNN,1
000000193040.png,CNN,1
000000419362.png,CNN,0
000000157836.png,CNN,1
000000080083.png,CNN,0
000000315859.png,CNN,0
000000310823.png,CNN,1
000000060439.png,CNN,0
000000092542.png,CNN,0
000000422745.png,CNN,1
000000389471.png,CNN,0
000000196011.png,CNN,0
000000224480.png,CNN,0
000000131175.png,CNN,1
000000395823.png,CNN,0
000000116620.png,CNN,1
000000580927.png,CNN,1
000000474783.png,CNN,0
000000539931.png,CNN,0
000000034809.png,CNN,1
000000153801.png,CNN,0
000000277963.png,CNN,1
000000470557.png,CNN,0
000000332154.png,CNN,0
000000181131.png,CNN,0
000000476204.png,CNN,0
000000558521.png,CNN,0
000000535894.png,CNN,0
000000543421.png,CNN,0
000000051496.png,CNN,1
000000115255.png,CNN,1
000000351082.png,CNN,0
000000252688.png,CNN,1
000000190963.png,CNN,0
000000049223.png,CNN,0
000000381807.png,CNN,0
000000402819.png,CNN,0
000000260728.png,CNN,0
000000536980.png,CNN,0
000000489208.png,CNN,1
000000118577.png,CNN,0
000000056215.png,CNN,0
000000571140.png,CNN,0
000000176559.png,CNN,0
000000121914.png,CNN,1
000000336612.png,CNN,1
000000059197.png,CNN,1
000000079079.png,CNN,0
000000196479.png,CNN,0
000000320545.png,CNN,0
000000008246.png,CNN,1
000000365995.png,CNN,0
000000328378.png,CNN,0
000000143673.png,CNN,0
000000314184.png,CNN,0
000000040516.png,CNN,1
000000081195.png,CNN,0
000000392888.png,CNN,0
000000025324.png,CNN,0
000000397157.png,CNN,0
000000330949.png,CNN,1
000000578618.png,CNN,0
000000273880.png,CNN,0
000000481307.png,CNN,0
000000181688.png,CNN,0
000000206649.png,CNN,1
000000479771.png,CNN,1
000000488365.png,CNN,1
000000336413.png,CNN,0
000000003572.png,CNN,0
000000484189.png,CNN,1
000000053857.png,CNN,0
000000426211.png,CNN,0
000000280327.png,CNN,0
000000065423.png,CNN,0
000000397370.png,CNN,0
000000546069.png,CNN,0
000000120203.png,CNN,0
000000315649.png,CNN,1
000000196930.png,CNN,0
000000276039.png,CNN,0
000000349378.png,CNN,0
000000575085.png,CNN,0
000000220378.png,CNN,0
000000516765.png,CNN,1
000000020872.png,CNN,0
000000480896.png,CNN,1
000000063308.png,CNN,1
000000393920.png,CNN,0
000000420759.png,CNN,0
000000357619.png,CNN,0
000000299607.png,CNN,0
000000099866.png,CNN,1
000000297259.png,CNN,0
000000165787.png,CNN,1
000000032086.png,CNN,0
000000031862.png,CNN,0
000000396758.png,CNN,0
000000317189.png,CNN,0
000000518111.png,CNN,1
000000377256.png,CNN,0
000000531127.png,CNN,0
000000014588.png,CNN,0
000000402345.png,CNN,0
000000490698.png,CNN,0
000000051420.png,CNN,0
000000040095.png,CNN,1
000000134809.png,CNN,1
000000246427.png,CNN,0
000000148533.png,CNN,1
000000301576.png,CNN,0
000000547272.png,CNN,0
000000449809.png,CNN,0
000000543867.png,CNN,0
000000569297.png,CNN,0
000000529015.png,CNN,1
000000461150.png,CNN,0
000000374932.png,CNN,1
000000517364.png,CNN,0
000000248438.png,CNN,1
000000456474.png,CNN,1
000000100914.png,CNN,0
000000119924.png,CNN,0
000000099217.png,CNN,0
000000445547.png,CNN,1
000000025053.png,CNN,0
000000487062.png,CNN,0
000000214089.png,CNN,0
000000178730.png,CNN,1
000000558008.png,CNN,0
000000356564.png,CNN,0
000000009143.png,CNN,1
000000484318.png,CNN,1
000000002464.png,CNN,0
000000053144.png,CNN,1
